"Record Length",2500,"Points",2.62400004e-008,  0.01160156
"Sample Interval",1.00000001e-011,s,2.62500004e-008,  0.01007812
"Trigger Point",-2624,"Samples",2.62600004e-008, 0.007968749
"Trigger Time",7.99901838e-012,s,2.62700004e-008, 0.005390624
"",,,2.62800004e-008, 0.002441406
"Horizontial Offset",2.62499998e-008,s,2.62900004e-008,-0.0007031254
,,,2.63000004e-008,-0.003925782
,,,2.63100004e-008,-0.007050782
,,,2.63200004e-008,-0.009941406
,,,2.63300004e-008,     -0.0125
,,,2.63400004e-008, -0.01457031
,,,2.63500004e-008, -0.01611328
,,,2.63600004e-008, -0.01712891
,,,2.63700004e-008, -0.01761719
,,,2.63800004e-008, -0.01761719
,,,2.63900004e-008,  -0.0171875
,,,2.64000004e-008, -0.01638672
,,,2.64100004e-008, -0.01527344
,,,2.64200004e-008, -0.01396484
,,,2.64300004e-008,     -0.0125
,,,2.64400004e-008, -0.01101563
,,,2.64500004e-008,-0.009550782
,,,2.64600004e-008,-0.008183594
,,,2.64700004e-008,-0.006953125
,,,2.64800004e-008,-0.005859375
,,,2.64900004e-008,-0.004921875
,,,2.65000004e-008,-0.004140625
,,,2.65100004e-008,-0.003496094
,,,2.65200004e-008, -0.00296875
,,,2.65300004e-008,     -0.0025
,,,2.65400004e-008,-0.002128907
,,,2.65500004e-008,-0.001777344
,,,2.65600004e-008,-0.001445313
,,,2.65700004e-008,-0.001054688
,,,2.65800004e-008,-0.0006445317
,,,2.65900004e-008,-0.0001367192
,,,2.66000004e-008,0.0004101558
,,,2.66100004e-008, 0.001054687
,,,2.66200004e-008, 0.001757812
,,,2.66300004e-008, 0.002499999
,,,2.66400004e-008, 0.003242187
,,,2.66500004e-008, 0.003945312
,,,2.66600004e-008, 0.004550781
,,,2.66700004e-008, 0.005039062
,,,2.66800004e-008, 0.005332031
,,,2.66900004e-008, 0.005390624
,,,2.67000004e-008, 0.005156249
,,,2.67100004e-008, 0.004609374
,,,2.67200004e-008, 0.003730468
,,,2.67300004e-008, 0.002499999
,,,2.67400004e-008, 0.000898437
,,,2.67500004e-008,-0.0009570317
,,,2.67600004e-008,-0.003066407
,,,2.67700004e-008,-0.005332032
,,,2.67800004e-008, -0.00765625
,,,2.67900004e-008,-0.009980469
,,,2.68000004e-008,  -0.0121875
,,,2.68100004e-008, -0.01423828
,,,2.68200004e-008, -0.01601563
,,,2.68300004e-008,     -0.0175
,,,2.68400004e-008, -0.01863281
,,,2.68500004e-008,   -0.019375
,,,2.68600004e-008, -0.01980469
,,,2.68700004e-008, -0.01994141
,,,2.68800004e-008, -0.01982422
,,,2.68900004e-008, -0.01953125
,,,2.69000004e-008, -0.01910156
,,,2.69100004e-008, -0.01859375
,,,2.69200004e-008, -0.01804688
,,,2.69300004e-008,     -0.0175
,,,2.69400004e-008,   -0.016875
,,,2.69500004e-008,    -0.01625
,,,2.69600004e-008, -0.01560547
,,,2.69700004e-008, -0.01492188
,,,2.69800004e-008, -0.01412109
,,,2.69900004e-008, -0.01320313
,,,2.70000004e-008, -0.01210938
,,,2.70100004e-008, -0.01080078
,,,2.70200004e-008,-0.009257813
,,,2.70300004e-008,     -0.0075
,,,2.70400004e-008,-0.005585938
,,,2.70500004e-008,-0.003535157
,,,2.70600004e-008,-0.001425782
,,,2.70700004e-008,0.0006249995
,,,2.70800004e-008, 0.002578124
,,,2.70900004e-008, 0.004296874
,,,2.71000004e-008, 0.005742187
,,,2.71100004e-008, 0.006796874
,,,2.71200004e-008, 0.007382812
,,,2.71300004e-008, 0.007499999
,,,2.71400004e-008, 0.006992187
,,,2.71500004e-008, 0.005976562
,,,2.71600004e-008, 0.004492187
,,,2.71700004e-008, 0.002578124
,,,2.71800004e-008,0.0003320308
,,,2.71900004e-008,-0.002167969
,,,2.72000004e-008,-0.004824219
,,,2.72100004e-008,     -0.0075
,,,2.72200004e-008, -0.01009766
,,,2.72300004e-008,     -0.0125
,,,2.72400004e-008, -0.01457031
,,,2.72500004e-008,    -0.01625
,,,2.72600004e-008,     -0.0175
,,,2.72700004e-008, -0.01824219
,,,2.72800004e-008, -0.01847656
,,,2.72900004e-008, -0.01818359
,,,2.73000004e-008, -0.01740234
,,,2.73100004e-008, -0.01615234
,,,2.73200004e-008, -0.01449219
,,,2.73300004e-008,     -0.0125
,,,2.73400004e-008, -0.01029297
,,,2.73500004e-008,-0.007949219
,,,2.73600004e-008,-0.005605469
,,,2.73700004e-008,-0.003378907
,,,2.73800004e-008,-0.001367188
,,,2.73900004e-008,0.0003124995
,,,2.74000004e-008, 0.001582031
,,,2.74100004e-008, 0.002402343
,,,2.74200004e-008, 0.002714843
,,,2.74300004e-008, 0.002499999
,,,2.74400004e-008, 0.001699218
,,,2.74500004e-008,0.0004687495
,,,2.74600004e-008, -0.00109375
,,,2.74700004e-008,-0.002890625
,,,2.74800004e-008,-0.004824219
,,,2.74900004e-008,-0.006757813
,,,2.75000004e-008,-0.008574219
,,,2.75100004e-008, -0.01021484
,,,2.75200004e-008, -0.01154297
,,,2.75300004e-008,     -0.0125
,,,2.75400004e-008, -0.01302734
,,,2.75500004e-008, -0.01314453
,,,2.75600004e-008, -0.01291016
,,,2.75700004e-008, -0.01234375
,,,2.75800004e-008,  -0.0115625
,,,2.75900004e-008, -0.01066406
,,,2.76000004e-008,-0.009707031
,,,2.76100004e-008,-0.008808594
,,,2.76200004e-008,-0.008046875
,,,2.76300004e-008,     -0.0075
,,,2.76400004e-008,  -0.0071875
,,,2.76500004e-008,-0.007167969
,,,2.76600004e-008,-0.007441407
,,,2.76700004e-008,-0.007949219
,,,2.76800004e-008,-0.008652344
,,,2.76900004e-008,-0.009492188
,,,2.77000004e-008, -0.01037109
,,,2.77100004e-008, -0.01121094
,,,2.77200004e-008, -0.01193359
,,,2.77300004e-008,     -0.0125
,,,2.77400004e-008, -0.01283203
,,,2.77500004e-008, -0.01289063
,,,2.77600004e-008, -0.01269531
,,,2.77700004e-008, -0.01230469
,,,2.77800004e-008, -0.01169922
,,,2.77900004e-008, -0.01095703
,,,2.78000004e-008, -0.01009766
,,,2.78100004e-008, -0.00921875
,,,2.78200004e-008,-0.008339844
,,,2.78300004e-008,     -0.0075
,,,2.78400004e-008,-0.006796875
,,,2.78500004e-008,-0.006152344
,,,2.78600004e-008,   -0.005625
,,,2.78700004e-008, -0.00515625
,,,2.78800004e-008,-0.004726563
,,,2.78900004e-008,-0.004335938
,,,2.79000004e-008,-0.003945313
,,,2.79100004e-008,-0.003496094
,,,2.79200004e-008,-0.003027344
,,,2.79300004e-008,     -0.0025
,,,2.79400004e-008,-0.001992188
,,,2.79500004e-008,-0.001464844
,,,2.79600004e-008,-0.001015625
,,,2.79700004e-008,-0.0006445317
,,,2.79800004e-008,-0.0003906255
,,,2.79900004e-008,-0.0003320317
,,,2.80000004e-008,-0.000507813
,,,2.80100004e-008,-0.0009179692
,,,2.80200004e-008,-0.001582032
,,,2.80300004e-008,     -0.0025
,,,2.80400004e-008,-0.003730469
,,,2.80500004e-008,-0.005097657
,,,2.80600004e-008,  -0.0065625
,,,2.80700004e-008,-0.008027344
,,,2.80800004e-008,-0.009414063
,,,2.80900004e-008, -0.01064453
,,,2.81000004e-008, -0.01162109
,,,2.81100004e-008, -0.01228516
,,,2.81200004e-008, -0.01257813
,,,2.81300004e-008,     -0.0125
,,,2.81400004e-008, -0.01199219
,,,2.81500004e-008, -0.01115234
,,,2.81600004e-008, -0.01001953
,,,2.81700004e-008,-0.008710938
,,,2.81800004e-008,-0.007324219
,,,2.81900004e-008,  -0.0059375
,,,2.82000004e-008,  -0.0046875
,,,2.82100004e-008,-0.003632813
,,,2.82200004e-008,-0.002890625
,,,2.82300004e-008,     -0.0025
,,,2.82400004e-008,-0.002558594
,,,2.82500004e-008,-0.002988282
,,,2.82600004e-008,-0.003769532
,,,2.82700004e-008,-0.004824219
,,,2.82800004e-008, -0.00609375
,,,2.82900004e-008,-0.007480469
,,,2.83000004e-008, -0.00890625
,,,2.83100004e-008, -0.01025391
,,,2.83200004e-008, -0.01148438
,,,2.83300004e-008,     -0.0125
,,,2.83400004e-008, -0.01322266
,,,2.83500004e-008, -0.01365234
,,,2.83600004e-008, -0.01384766
,,,2.83700004e-008, -0.01382813
,,,2.83800004e-008, -0.01363281
,,,2.83900004e-008, -0.01335938
,,,2.84000004e-008, -0.01304688
,,,2.84100004e-008, -0.01277344
,,,2.84200004e-008, -0.01257813
,,,2.84300004e-008,     -0.0125
,,,2.84400004e-008, -0.01251953
,,,2.84500004e-008, -0.01263672
,,,2.84600004e-008, -0.01287109
,,,2.84700004e-008, -0.01314453
,,,2.84800004e-008, -0.01339844
,,,2.84900004e-008, -0.01359375
,,,2.85000004e-008, -0.01365234
,,,2.85100004e-008, -0.01351563
,,,2.85200004e-008, -0.01314453
,,,2.85300004e-008,     -0.0125
,,,2.85400004e-008,  -0.0115625
,,,2.85500004e-008, -0.01041016
,,,2.85600004e-008,-0.009121094
,,,2.85700004e-008,-0.007753907
,,,2.85800004e-008,-0.006386719
,,,2.85900004e-008,-0.005136719
,,,2.86000004e-008,  -0.0040625
,,,2.86100004e-008,-0.003222657
,,,2.86200004e-008,-0.002695313
,,,2.86300004e-008,     -0.0025
,,,2.86400004e-008,-0.002675782
,,,2.86500004e-008,-0.003144532
,,,2.86600004e-008,-0.003828125
,,,2.86700004e-008,-0.004667969
,,,2.86800004e-008,-0.005546875
,,,2.86900004e-008,-0.006386719
,,,2.87000004e-008,-0.007070313
,,,2.87100004e-008,-0.007539063
,,,2.87200004e-008,-0.007695313
,,,2.87300004e-008,     -0.0075
,,,2.87400004e-008,-0.006972657
,,,2.87500004e-008,-0.006113282
,,,2.87600004e-008,-0.004980469
,,,2.87700004e-008,-0.003691407
,,,2.87800004e-008,-0.002304688
,,,2.87900004e-008,-0.0009179692
,,,2.88000004e-008,0.0003320308
,,,2.88100004e-008, 0.001367187
,,,2.88200004e-008, 0.002109374
,,,2.88300004e-008, 0.002499999
,,,2.88400004e-008, 0.002421874
,,,2.88500004e-008, 0.001953124
,,,2.88600004e-008, 0.001152343
,,,2.88700004e-008,7.812453e-005
,,,2.88800004e-008,-0.001210938
,,,2.88900004e-008,-0.002617188
,,,2.89000004e-008,-0.004042969
,,,2.89100004e-008,-0.005371094
,,,2.89200004e-008,  -0.0065625
,,,2.89300004e-008,     -0.0075
,,,2.89400004e-008,   -0.008125
,,,2.89500004e-008,-0.008398438
,,,2.89600004e-008,-0.008320313
,,,2.89700004e-008,-0.007949219
,,,2.89800004e-008,-0.007324219
,,,2.89900004e-008,-0.006484375
,,,2.90000004e-008,-0.005507813
,,,2.90100004e-008,-0.004472657
,,,2.90200004e-008,-0.003457032
,,,2.90300004e-008,     -0.0025
,,,2.90400004e-008,-0.001699219
,,,2.90500004e-008,-0.001054688
,,,2.90600004e-008,-0.0006054692
,,,2.90700004e-008,-0.0003710942
,,,2.90800004e-008,-0.0003320317
,,,2.90900004e-008,-0.0004882817
,,,2.91000004e-008,-0.0008007817
,,,2.91100004e-008,-0.001269532
,,,2.91200004e-008,-0.001855469
,,,2.91300004e-008,     -0.0025
,,,2.91400004e-008,-0.003203125
,,,2.91500004e-008,-0.003886719
,,,2.91600004e-008,-0.004550782
,,,2.91700004e-008,-0.005195313
,,,2.91800004e-008, -0.00578125
,,,2.91900004e-008,-0.006289063
,,,2.92000004e-008, -0.00671875
,,,2.92100004e-008,-0.007089844
,,,2.92200004e-008, -0.00734375
,,,2.92300004e-008,     -0.0075
,,,2.92400004e-008,-0.007539063
,,,2.92500004e-008,-0.007460938
,,,2.92600004e-008,-0.007265625
,,,2.92700004e-008,-0.006953125
,,,2.92800004e-008,-0.006503907
,,,2.92900004e-008,  -0.0059375
,,,2.93000004e-008,-0.005234375
,,,2.93100004e-008,-0.004433594
,,,2.93200004e-008,-0.003515625
,,,2.93300004e-008,     -0.0025
,,,2.93400004e-008,-0.001386719
,,,2.93500004e-008,-0.0002343755
,,,2.93600004e-008,0.0009179683
,,,2.93700004e-008, 0.002070312
,,,2.93800004e-008, 0.003183593
,,,2.93900004e-008, 0.004257812
,,,2.94000004e-008, 0.005234374
,,,2.94100004e-008, 0.006093749
,,,2.94200004e-008, 0.006855468
,,,2.94300004e-008, 0.007499999
,,,2.94400004e-008, 0.007910156
,,,2.94500004e-008, 0.008183593
,,,2.94600004e-008, 0.008339843
,,,2.94700004e-008, 0.008398437
,,,2.94800004e-008, 0.008378906
,,,2.94900004e-008, 0.008281249
,,,2.95000004e-008, 0.008144531
,,,2.95100004e-008, 0.007949218
,,,2.95200004e-008, 0.007734374
,,,2.95300004e-008, 0.007499999
,,,2.95400004e-008, 0.007148437
,,,2.95500004e-008, 0.006796874
,,,2.95600004e-008, 0.006425781
,,,2.95700004e-008, 0.006035156
,,,2.95800004e-008, 0.005585937
,,,2.95900004e-008, 0.005097656
,,,2.96000004e-008, 0.004531249
,,,2.96100004e-008, 0.003906249
,,,2.96200004e-008, 0.003222656
,,,2.96300004e-008, 0.002499999
,,,2.96400004e-008, 0.001679687
,,,2.96500004e-008,0.0008593745
,,,2.96600004e-008,3.906203e-005
,,,2.96700004e-008,-0.0007031254
,,,2.96800004e-008,-0.001367188
,,,2.96900004e-008,-0.001933594
,,,2.97000004e-008, -0.00234375
,,,2.97100004e-008,-0.002578125
,,,2.97200004e-008,-0.002636719
,,,2.97300004e-008,     -0.0025
,,,2.97400004e-008,-0.002226563
,,,2.97500004e-008,-0.001777344
,,,2.97600004e-008,-0.001210938
,,,2.97700004e-008,-0.0005664067
,,,2.97800004e-008, 0.000117187
,,,2.97900004e-008,0.0008007808
,,,2.98000004e-008,  0.00140625
,,,2.98100004e-008, 0.001914062
,,,2.98200004e-008, 0.002285156
,,,2.98300004e-008, 0.002499999
,,,2.98400004e-008, 0.002480468
,,,2.98500004e-008, 0.002265624
,,,2.98600004e-008, 0.001914062
,,,2.98700004e-008,  0.00140625
,,,2.98800004e-008,0.0007812495
,,,2.98900004e-008,9.765578e-005
,,,2.99000004e-008,-0.0006054692
,,,2.99100004e-008,-0.001308594
,,,2.99200004e-008,-0.001953125
,,,2.99300004e-008,     -0.0025
,,,2.99400004e-008,-0.002949219
,,,2.99500004e-008,-0.003261719
,,,2.99600004e-008,-0.003457032
,,,2.99700004e-008,-0.003535157
,,,2.99800004e-008,-0.003515625
,,,2.99900004e-008,-0.003398438
,,,3.00000004e-008,-0.003222657
,,,3.00100004e-008,-0.002988282
,,,3.00200004e-008,-0.002753907
,,,3.00300004e-008,     -0.0025
,,,3.00400004e-008,-0.002285157
,,,3.00500004e-008,-0.002089844
,,,3.00600004e-008,-0.001972657
,,,3.00700004e-008,-0.001914063
,,,3.00800004e-008,-0.001914063
,,,3.00900004e-008,-0.001972657
,,,3.01000004e-008,-0.002070313
,,,3.01100004e-008,-0.002207032
,,,3.01200004e-008, -0.00234375
,,,3.01300004e-008,     -0.0025
,,,3.01400004e-008,-0.002617188
,,,3.01500004e-008,-0.002714844
,,,3.01600004e-008,-0.002792969
,,,3.01700004e-008,-0.002832032
,,,3.01800004e-008,-0.002832032
,,,3.01900004e-008,  -0.0028125
,,,3.02000004e-008,-0.002753907
,,,3.02100004e-008,-0.002695313
,,,3.02200004e-008,-0.002597657
,,,3.02300004e-008,     -0.0025
,,,3.02400004e-008,-0.002402344
,,,3.02500004e-008,-0.002324219
,,,3.02600004e-008,-0.002226563
,,,3.02700004e-008,-0.002167969
,,,3.02800004e-008,-0.002128907
,,,3.02900004e-008,-0.002109375
,,,3.03000004e-008,-0.002148438
,,,3.03100004e-008,-0.002207032
,,,3.03200004e-008,-0.002324219
,,,3.03300004e-008,     -0.0025
,,,3.03400004e-008,-0.002734375
,,,3.03500004e-008,-0.003007813
,,,3.03600004e-008,-0.003378907
,,,3.03700004e-008,-0.003808594
,,,3.03800004e-008,-0.004296875
,,,3.03900004e-008,-0.004863282
,,,3.04000004e-008,-0.005488282
,,,3.04100004e-008,-0.006152344
,,,3.04200004e-008,-0.006835938
,,,3.04300004e-008,     -0.0075
,,,3.04400004e-008,-0.008144532
,,,3.04500004e-008,-0.008710938
,,,3.04600004e-008,-0.009179688
,,,3.04700004e-008,-0.009511719
,,,3.04800004e-008,  -0.0096875
,,,3.04900004e-008,-0.009667969
,,,3.05000004e-008,-0.009453125
,,,3.05100004e-008,-0.009023438
,,,3.05200004e-008,-0.008378907
,,,3.05300004e-008,     -0.0075
,,,3.05400004e-008,-0.006425782
,,,3.05500004e-008,-0.005214844
,,,3.05600004e-008, -0.00390625
,,,3.05700004e-008,-0.002597657
,,,3.05800004e-008,-0.001328125
,,,3.05900004e-008,-0.0001757817
,,,3.06000004e-008,0.0008398433
,,,3.06100004e-008, 0.001640624
,,,3.06200004e-008, 0.002187499
,,,3.06300004e-008, 0.002499999
,,,3.06400004e-008, 0.002499999
,,,3.06500004e-008, 0.002285156
,,,3.06600004e-008, 0.001855468
,,,3.06700004e-008,     0.00125
,,,3.06800004e-008,0.0005664058
,,,3.06900004e-008,-0.0001757817
,,,3.07000004e-008,-0.0008984379
,,,3.07100004e-008,  -0.0015625
,,,3.07200004e-008,-0.002109375
,,,3.07300004e-008,     -0.0025
,,,3.07400004e-008,-0.002792969
,,,3.07500004e-008,-0.002929688
,,,3.07600004e-008,-0.002929688
,,,3.07700004e-008,-0.002832032
,,,3.07800004e-008,-0.002675782
,,,3.07900004e-008,     -0.0025
,,,3.08000004e-008,-0.002363282
,,,3.08100004e-008,-0.002285157
,,,3.08200004e-008, -0.00234375
,,,3.08300004e-008,     -0.0025
,,,3.08400004e-008,-0.002851563
,,,3.08500004e-008,-0.003320313
,,,3.08600004e-008, -0.00390625
,,,3.08700004e-008,-0.004589844
,,,3.08800004e-008,-0.005292969
,,,3.08900004e-008,-0.005976563
,,,3.09000004e-008,-0.006582032
,,,3.09100004e-008,-0.007089844
,,,3.09200004e-008,-0.007402344
,,,3.09300004e-008,     -0.0075
,,,3.09400004e-008,-0.007382813
,,,3.09500004e-008,-0.006992188
,,,3.09600004e-008,-0.006347657
,,,3.09700004e-008, -0.00546875
,,,3.09800004e-008,-0.004394532
,,,3.09900004e-008,-0.003144532
,,,3.10000004e-008,-0.001777344
,,,3.10100004e-008,-0.0003320317
,,,3.10200004e-008, 0.001113281
,,,3.10300004e-008, 0.002499999
,,,3.10400004e-008, 0.003671874
,,,3.10500004e-008, 0.004687499
,,,3.10600004e-008, 0.005449218
,,,3.10700004e-008, 0.005957031
,,,3.10800004e-008, 0.006152343
,,,3.10900004e-008, 0.006054687
,,,3.11000004e-008, 0.005624999
,,,3.11100004e-008, 0.004863281
,,,3.11200004e-008, 0.003808593
,,,3.11300004e-008, 0.002499999
,,,3.11400004e-008, 0.000898437
,,,3.11500004e-008,-0.0008593754
,,,3.11600004e-008,-0.002714844
,,,3.11700004e-008,-0.004589844
,,,3.11800004e-008, -0.00640625
,,,3.11900004e-008,-0.008085938
,,,3.12000004e-008,-0.009589844
,,,3.12100004e-008, -0.01085938
,,,3.12200004e-008, -0.01183594
,,,3.12300004e-008,     -0.0125
,,,3.12400004e-008,  -0.0128125
,,,3.12500004e-008, -0.01279297
,,,3.12600004e-008,     -0.0125
,,,3.12700004e-008, -0.01199219
,,,3.12800004e-008, -0.01130859
,,,3.12900004e-008, -0.01052734
,,,3.13000004e-008,  -0.0096875
,,,3.13100004e-008,-0.008886719
,,,3.13200004e-008,-0.008144532
,,,3.13300004e-008,     -0.0075
,,,3.13400004e-008,-0.007011719
,,,3.13500004e-008,-0.006679688
,,,3.13600004e-008,-0.006523438
,,,3.13700004e-008,-0.006484375
,,,3.13800004e-008,-0.006582032
,,,3.13900004e-008,-0.006757813
,,,3.14000004e-008,-0.006972657
,,,3.14100004e-008,  -0.0071875
,,,3.14200004e-008,-0.007382813
,,,3.14300004e-008,     -0.0075
,,,3.14400004e-008,     -0.0075
,,,3.14500004e-008,-0.007402344
,,,3.14600004e-008,-0.007246094
,,,3.14700004e-008,-0.007070313
,,,3.14800004e-008,-0.006894532
,,,3.14900004e-008,-0.006777344
,,,3.15000004e-008,-0.006738282
,,,3.15100004e-008,-0.006835938
,,,3.15200004e-008,-0.007089844
,,,3.15300004e-008,     -0.0075
,,,3.15400004e-008,-0.008027344
,,,3.15500004e-008,-0.008671875
,,,3.15600004e-008,-0.009394532
,,,3.15700004e-008, -0.01017578
,,,3.15800004e-008, -0.01091797
,,,3.15900004e-008, -0.01160156
,,,3.16000004e-008, -0.01212891
,,,3.16100004e-008, -0.01248047
,,,3.16200004e-008, -0.01261719
,,,3.16300004e-008,     -0.0125
,,,3.16400004e-008, -0.01208984
,,,3.16500004e-008, -0.01148438
,,,3.16600004e-008, -0.01076172
,,,3.16700004e-008,-0.009960938
,,,3.16800004e-008,-0.009160157
,,,3.16900004e-008,-0.008457032
,,,3.17000004e-008,-0.007890625
,,,3.17100004e-008,-0.007539063
,,,3.17200004e-008,-0.007402344
,,,3.17300004e-008,     -0.0075
,,,3.17400004e-008,-0.007832032
,,,3.17500004e-008,-0.008320313
,,,3.17600004e-008,-0.008886719
,,,3.17700004e-008,-0.009453125
,,,3.17800004e-008,-0.009902344
,,,3.17900004e-008, -0.01015625
,,,3.18000004e-008, -0.01009766
,,,3.18100004e-008,-0.009667969
,,,3.18200004e-008,-0.008828125
,,,3.18300004e-008,     -0.0075
,,,3.18400004e-008,-0.005800782
,,,3.18500004e-008,-0.003710938
,,,3.18600004e-008,-0.001367188
,,,3.18700004e-008, 0.001152343
,,,3.18800004e-008, 0.003710937
,,,3.18900004e-008, 0.006152343
,,,3.19000004e-008, 0.008378906
,,,3.19100004e-008,  0.01023437
,,,3.19200004e-008,  0.01164062
,,,3.19300004e-008,      0.0125
,,,3.19400004e-008,  0.01253906
,,,3.19500004e-008,  0.01199219
,,,3.19600004e-008,  0.01091797
,,,3.19700004e-008, 0.009394531
,,,3.19800004e-008, 0.007519531
,,,3.19900004e-008, 0.005429687
,,,3.20000004e-008, 0.003261718
,,,3.20100004e-008, 0.001152343
,,,3.20200004e-008,-0.0008203129
,,,3.20300004e-008,     -0.0025
,,,3.20400004e-008,-0.004003907
,,,3.20500004e-008,-0.005117188
,,,3.20600004e-008,-0.005800782
,,,3.20700004e-008,-0.006113282
,,,3.20800004e-008,-0.006035157
,,,3.20900004e-008,-0.005664063
,,,3.21000004e-008,-0.005058594
,,,3.21100004e-008,-0.004277344
,,,3.21200004e-008,-0.003398438
,,,3.21300004e-008,     -0.0025
,,,3.21400004e-008,-0.001855469
,,,3.21500004e-008,-0.001308594
,,,3.21600004e-008,-0.0009375004
,,,3.21700004e-008,-0.0007226567
,,,3.21800004e-008,-0.0006835942
,,,3.21900004e-008,-0.0008007817
,,,3.22000004e-008,-0.001054688
,,,3.22100004e-008,-0.001445313
,,,3.22200004e-008,-0.001933594
,,,3.22300004e-008,     -0.0025
,,,3.22400004e-008,-0.003339844
,,,3.22500004e-008,-0.004238282
,,,3.22600004e-008,-0.005175782
,,,3.22700004e-008,-0.006152344
,,,3.22800004e-008,-0.007148438
,,,3.22900004e-008,-0.008164063
,,,3.23000004e-008, -0.00921875
,,,3.23100004e-008, -0.01027344
,,,3.23200004e-008, -0.01136719
,,,3.23300004e-008,     -0.0125
,,,3.23400004e-008, -0.01390625
,,,3.23500004e-008, -0.01539063
,,,3.23600004e-008, -0.01691406
,,,3.23700004e-008, -0.01847656
,,,3.23800004e-008, -0.02005859
,,,3.23900004e-008, -0.02162109
,,,3.24000004e-008, -0.02318359
,,,3.24100004e-008,  -0.0246875
,,,3.24200004e-008, -0.02613281
,,,3.24300004e-008,     -0.0275
,,,3.24400004e-008, -0.02892578
,,,3.24500004e-008,  -0.0303125
,,,3.24600004e-008, -0.03162109
,,,3.24700004e-008, -0.03287109
,,,3.24800004e-008, -0.03400391
,,,3.24900004e-008, -0.03501953
,,,3.25000004e-008, -0.03587891
,,,3.25100004e-008, -0.03660156
,,,3.25200004e-008, -0.03712891
,,,3.25300004e-008,     -0.0375
,,,3.25400004e-008, -0.03789062
,,,3.25500004e-008, -0.03816406
,,,3.25600004e-008, -0.03835937
,,,3.25700004e-008, -0.03845703
,,,3.25800004e-008, -0.03845703
,,,3.25900004e-008, -0.03837891
,,,3.26000004e-008, -0.03822266
,,,3.26100004e-008, -0.03800781
,,,3.26200004e-008, -0.03775391
,,,3.26300004e-008,     -0.0375
,,,3.26400004e-008, -0.03761719
,,,3.26500004e-008, -0.03791016
,,,3.26600004e-008, -0.03837891
,,,3.26700004e-008,  -0.0390625
,,,3.26800004e-008, -0.03996094
,,,3.26900004e-008, -0.04105469
,,,3.27000004e-008, -0.04236328
,,,3.27100004e-008, -0.04386719
,,,3.27200004e-008, -0.04558594
,,,3.27300004e-008,     -0.0475
,,,3.27400004e-008,       -0.05
,,,3.27500004e-008, -0.05273437
,,,3.27600004e-008, -0.05568359
,,,3.27700004e-008, -0.05880859
,,,3.27800004e-008, -0.06203125
,,,3.27900004e-008, -0.06529297
,,,3.28000004e-008, -0.06851562
,,,3.28100004e-008, -0.07166016
,,,3.28200004e-008, -0.07466797
,,,3.28300004e-008,     -0.0775
,,,3.28400004e-008, -0.08039062
,,,3.28500004e-008, -0.08314453
,,,3.28600004e-008, -0.08570312
,,,3.28700004e-008, -0.08808594
,,,3.28800004e-008, -0.09023437
,,,3.28900004e-008, -0.09214844
,,,3.29000004e-008, -0.09382812
,,,3.29100004e-008,  -0.0952539
,,,3.29200004e-008, -0.09648437
,,,3.29300004e-008,     -0.0975
,,,3.29400004e-008, -0.09867187
,,,3.29500004e-008, -0.09984375
,,,3.29600004e-008,  -0.1010547
,,,3.29700004e-008,  -0.1023437
,,,3.29800004e-008,  -0.1037305
,,,3.29900004e-008,  -0.1052148
,,,3.30000004e-008,  -0.1068164
,,,3.30100004e-008,  -0.1085547
,,,3.30200004e-008,  -0.1104492
,,,3.30300004e-008,     -0.1125
,,,3.30400004e-008,  -0.1150391
,,,3.30500004e-008,  -0.1178906
,,,3.30600004e-008,  -0.1210156
,,,3.30700004e-008,  -0.1243945
,,,3.30800004e-008,  -0.1279687
,,,3.30900004e-008,  -0.1317383
,,,3.31000004e-008,  -0.1356055
,,,3.31100004e-008,  -0.1395703
,,,3.31200004e-008,  -0.1435352
,,,3.31300004e-008,     -0.1475
,,,3.31400004e-008,  -0.1516211
,,,3.31500004e-008,  -0.1557617
,,,3.31600004e-008,  -0.1598633
,,,3.31700004e-008,  -0.1638672
,,,3.31800004e-008,  -0.1676953
,,,3.31900004e-008,  -0.1712891
,,,3.32000004e-008,  -0.1745898
,,,3.32100004e-008,  -0.1775781
,,,3.32200004e-008,  -0.1801953
,,,3.32300004e-008,     -0.1825
,,,3.32400004e-008,  -0.1845703
,,,3.32500004e-008,  -0.1865234
,,,3.32600004e-008,  -0.1883984
,,,3.32700004e-008,  -0.1902734
,,,3.32800004e-008,  -0.1921484
,,,3.32900004e-008,  -0.1940625
,,,3.33000004e-008,  -0.1960352
,,,3.33100004e-008,  -0.1981055
,,,3.33200004e-008,  -0.2002539
,,,3.33300004e-008,     -0.2025
,,,3.33400004e-008,  -0.2049414
,,,3.33500004e-008,  -0.2075977
,,,3.33600004e-008,  -0.2103906
,,,3.33700004e-008,  -0.2132617
,,,3.33800004e-008,  -0.2161133
,,,3.33900004e-008,  -0.2188477
,,,3.34000004e-008,  -0.2214062
,,,3.34100004e-008,  -0.2237109
,,,3.34200004e-008,  -0.2257422
,,,3.34300004e-008,     -0.2275
,,,3.34400004e-008,  -0.2291406
,,,3.34500004e-008,  -0.2308008
,,,3.34600004e-008,     -0.2325
,,,3.34700004e-008,  -0.2343555
,,,3.34800004e-008,  -0.2364258
,,,3.34900004e-008,  -0.2388086
,,,3.35000004e-008,   -0.241543
,,,3.35100004e-008,  -0.2447266
,,,3.35200004e-008,  -0.2483594
,,,3.35300004e-008,     -0.2525
,,,3.35400004e-008,  -0.2572266
,,,3.35500004e-008,  -0.2625391
,,,3.35600004e-008,  -0.2683008
,,,3.35700004e-008,  -0.2743555
,,,3.35800004e-008,  -0.2805664
,,,3.35900004e-008,  -0.2867187
,,,3.36000004e-008,  -0.2926562
,,,3.36100004e-008,  -0.2981836
,,,3.36200004e-008,  -0.3031641
,,,3.36300004e-008,     -0.3075
,,,3.36400004e-008,  -0.3110547
,,,3.36500004e-008,  -0.3140234
,,,3.36600004e-008,  -0.3164062
,,,3.36700004e-008,  -0.3182617
,,,3.36800004e-008,  -0.3196484
,,,3.36900004e-008,   -0.320625
,,,3.37000004e-008,  -0.3213086
,,,3.37100005e-008,  -0.3217773
,,,3.37200005e-008,  -0.3221289
,,,3.37300005e-008,     -0.3225
,,,3.37400005e-008,  -0.3229883
,,,3.37500005e-008,  -0.3238086
,,,3.37600005e-008,  -0.3250391
,,,3.37700005e-008,  -0.3266601
,,,3.37800005e-008,  -0.3286523
,,,3.37900005e-008,  -0.3309766
,,,3.38000005e-008,  -0.3335937
,,,3.38100005e-008,  -0.3364062
,,,3.38200005e-008,  -0.3393945
,,,3.38300005e-008,     -0.3425
,,,3.38400005e-008,   -0.345625
,,,3.38500005e-008,  -0.3489258
,,,3.38600005e-008,  -0.3523633
,,,3.38700005e-008,  -0.3558984
,,,3.38800005e-008,  -0.3595117
,,,3.38900005e-008,   -0.363125
,,,3.39000005e-008,  -0.3667578
,,,3.39100005e-008,  -0.3703711
,,,3.39200005e-008,  -0.3739453
,,,3.39300005e-008,     -0.3775
,,,3.39400005e-008,  -0.3809375
,,,3.39500005e-008,  -0.3844922
,,,3.39600005e-008,  -0.3881055
,,,3.39700005e-008,  -0.3917578
,,,3.39800005e-008,  -0.3954297
,,,3.39900005e-008,   -0.399082
,,,3.40000005e-008,  -0.4026367
,,,3.40100005e-008,  -0.4060742
,,,3.40200005e-008,   -0.409375
,,,3.40300005e-008,     -0.4125
,,,3.40400005e-008,  -0.4152344
,,,3.40500005e-008,  -0.4179297
,,,3.40600005e-008,  -0.4205859
,,,3.40700005e-008,  -0.4232031
,,,3.40800005e-008,  -0.4257812
,,,3.40900005e-008,  -0.4283203
,,,3.41000005e-008,  -0.4307812
,,,3.41100005e-008,  -0.4331445
,,,3.41200005e-008,  -0.4353906
,,,3.41300005e-008,     -0.4375
,,,3.41400005e-008,  -0.4392773
,,,3.41500005e-008,  -0.4409766
,,,3.41600005e-008,  -0.4425781
,,,3.41700005e-008,  -0.4440039
,,,3.41800005e-008,  -0.4452344
,,,3.41900005e-008,  -0.4462305
,,,3.42000005e-008,  -0.4469531
,,,3.42100005e-008,  -0.4474023
,,,3.42200005e-008,  -0.4475586
,,,3.42300005e-008,     -0.4475
,,,3.42400005e-008,   -0.447207
,,,3.42500005e-008,  -0.4469726
,,,3.42600005e-008,  -0.4469141
,,,3.42700005e-008,  -0.4471289
,,,3.42800005e-008,  -0.4476562
,,,3.42900005e-008,  -0.4486133
,,,3.43000005e-008,  -0.4500586
,,,3.43100005e-008,  -0.4519922
,,,3.43200005e-008,  -0.4544726
,,,3.43300005e-008,     -0.4575
,,,3.43400005e-008,  -0.4609375
,,,3.43500005e-008,  -0.4648633
,,,3.43600005e-008,  -0.4691992
,,,3.43700005e-008,  -0.4737891
,,,3.43800005e-008,  -0.4784766
,,,3.43900005e-008,  -0.4830664
,,,3.44000005e-008,  -0.4874219
,,,3.44100005e-008,  -0.4913476
,,,3.44200005e-008,  -0.4947461
,,,3.44300005e-008,     -0.4975
,,,3.44400005e-008,  -0.4992969
,,,3.44500005e-008,  -0.5004883
,,,3.44600005e-008,  -0.5011328
,,,3.44700005e-008,    -0.50125
,,,3.44800005e-008,  -0.5009766
,,,3.44900005e-008,  -0.5003906
,,,3.45000005e-008,  -0.4996484
,,,3.45100005e-008,  -0.4988281
,,,3.45200005e-008,  -0.4980664
,,,3.45300005e-008,     -0.4975
,,,3.45400005e-008,  -0.4970703
,,,3.45500005e-008,  -0.4970898
,,,3.45600005e-008,  -0.4975976
,,,3.45700005e-008,  -0.4985937
,,,3.45800005e-008,  -0.5000586
,,,3.45900005e-008,  -0.5019531
,,,3.46000005e-008,  -0.5042187
,,,3.46100005e-008,  -0.5067773
,,,3.46200005e-008,  -0.5095703
,,,3.46300005e-008,     -0.5125
,,,3.46400005e-008,  -0.5153516
,,,3.46500005e-008,  -0.5182422
,,,3.46600005e-008,  -0.5211328
,,,3.46700005e-008,  -0.5239453
,,,3.46800005e-008,  -0.5266406
,,,3.46900005e-008,  -0.5292187
,,,3.47000005e-008,  -0.5316016
,,,3.47100005e-008,  -0.5337891
,,,3.47200005e-008,  -0.5357617
,,,3.47300005e-008,     -0.5375
,,,3.47400005e-008,  -0.5387305
,,,3.47500005e-008,  -0.5397851
,,,3.47600005e-008,  -0.5406836
,,,3.47700005e-008,  -0.5414062
,,,3.47800005e-008,  -0.5419726
,,,3.47900005e-008,  -0.5423828
,,,3.48000005e-008,  -0.5426367
,,,3.48100005e-008,  -0.5427344
,,,3.48200005e-008,  -0.5426758
,,,3.48300005e-008,     -0.5425
,,,3.48400005e-008,  -0.5418945
,,,3.48500005e-008,    -0.54125
,,,3.48600005e-008,   -0.540625
,,,3.48700005e-008,       -0.54
,,,3.48800005e-008,  -0.5394336
,,,3.48900005e-008,  -0.5389062
,,,3.49000005e-008,   -0.538457
,,,3.49100005e-008,  -0.5380664
,,,3.49200005e-008,  -0.5377344
,,,3.49300005e-008,     -0.5375
,,,3.49400005e-008,  -0.5371875
,,,3.49500005e-008,  -0.5369922
,,,3.49600005e-008,   -0.536875
,,,3.49700005e-008,  -0.5368359
,,,3.49800005e-008,   -0.536875
,,,3.49900005e-008,  -0.5369531
,,,3.50000005e-008,  -0.5370508
,,,3.50100005e-008,  -0.5371875
,,,3.50200005e-008,  -0.5373242
,,,3.50300005e-008,     -0.5375
,,,3.50400005e-008,  -0.5375195
,,,3.50500005e-008,  -0.5376367
,,,3.50600005e-008,  -0.5378125
,,,3.50700005e-008,  -0.5381055
,,,3.50800005e-008,  -0.5384961
,,,3.50900005e-008,   -0.539043
,,,3.51000005e-008,   -0.539707
,,,3.51100005e-008,  -0.5405078
,,,3.51200005e-008,  -0.5414453
,,,3.51300005e-008,     -0.5425
,,,3.51400005e-008,   -0.543457
,,,3.51500005e-008,  -0.5444531
,,,3.51600005e-008,  -0.5454297
,,,3.51700005e-008,  -0.5463281
,,,3.51800005e-008,  -0.5471094
,,,3.51900005e-008,  -0.5476953
,,,3.52000005e-008,  -0.5480664
,,,3.52100005e-008,  -0.5481641
,,,3.52200005e-008,  -0.5479687
,,,3.52300005e-008,     -0.5475
,,,3.52400005e-008,  -0.5466016
,,,3.52500005e-008,  -0.5454883
,,,3.52600005e-008,  -0.5442187
,,,3.52700005e-008,  -0.5428516
,,,3.52800005e-008,  -0.5415039
,,,3.52900005e-008,  -0.5402344
,,,3.53000005e-008,  -0.5391406
,,,3.53100005e-008,  -0.5382812
,,,3.53200005e-008,  -0.5377344
,,,3.53300005e-008,     -0.5375
,,,3.53400005e-008,  -0.5374805
,,,3.53500005e-008,  -0.5377539
,,,3.53600005e-008,  -0.5382617
,,,3.53700005e-008,  -0.5389648
,,,3.53800005e-008,  -0.5397461
,,,3.53900005e-008,  -0.5405664
,,,3.54000005e-008,  -0.5413281
,,,3.54100005e-008,  -0.5419336
,,,3.54200005e-008,  -0.5423437
,,,3.54300005e-008,     -0.5425
,,,3.54400005e-008,  -0.5421875
,,,3.54500005e-008,   -0.541582
,,,3.54600005e-008,  -0.5407031
,,,3.54700005e-008,  -0.5395898
,,,3.54800005e-008,  -0.5383398
,,,3.54900005e-008,  -0.5370117
,,,3.55000005e-008,  -0.5357031
,,,3.55100005e-008,  -0.5344531
,,,3.55200005e-008,  -0.5333789
,,,3.55300005e-008,     -0.5325
,,,3.55400005e-008,  -0.5317383
,,,3.55500005e-008,  -0.5312305
,,,3.55600005e-008,  -0.5309375
,,,3.55700005e-008,  -0.5308789
,,,3.55800005e-008,  -0.5310156
,,,3.55900005e-008,  -0.5312695
,,,3.56000005e-008,  -0.5316016
,,,3.56100005e-008,  -0.5319726
,,,3.56200005e-008,  -0.5322851
,,,3.56300005e-008,     -0.5325
,,,3.56400005e-008,  -0.5323437
,,,3.56500005e-008,  -0.5319922
,,,3.56600005e-008,  -0.5313867
,,,3.56700005e-008,  -0.5305664
,,,3.56800005e-008,  -0.5295312
,,,3.56900005e-008,  -0.5283398
,,,3.57000005e-008,  -0.5269922
,,,3.57100005e-008,  -0.5255469
,,,3.57200005e-008,   -0.524043
,,,3.57300005e-008,     -0.5225
,,,3.57400005e-008,  -0.5208203
,,,3.57500005e-008,  -0.5191406
,,,3.57600005e-008,  -0.5174609
,,,3.57700005e-008,  -0.5158203
,,,3.57800005e-008,  -0.5142383
,,,3.57900005e-008,  -0.5127148
,,,3.58000005e-008,  -0.5112695
,,,3.58100005e-008,  -0.5099023
,,,3.58200005e-008,  -0.5086523
,,,3.58300005e-008,     -0.5075
,,,3.58400005e-008,  -0.5063476
,,,3.58500005e-008,   -0.505293
,,,3.58600005e-008,  -0.5043555
,,,3.58700005e-008,  -0.5035547
,,,3.58800005e-008,  -0.5029101
,,,3.58900005e-008,  -0.5024609
,,,3.59000005e-008,  -0.5021875
,,,3.59100005e-008,  -0.5021289
,,,3.59200005e-008,  -0.5022266
,,,3.59300005e-008,     -0.5025
,,,3.59400005e-008,   -0.502793
,,,3.59500005e-008,  -0.5030859
,,,3.59600005e-008,  -0.5032812
,,,3.59700005e-008,  -0.5033398
,,,3.59800005e-008,  -0.5031641
,,,3.59900005e-008,  -0.5027344
,,,3.60000005e-008,  -0.5019531
,,,3.60100005e-008,  -0.5008398
,,,3.60200005e-008,  -0.4993555
,,,3.60300005e-008,     -0.4975
,,,3.60400005e-008,  -0.4951953
,,,3.60500005e-008,  -0.4925781
,,,3.60600005e-008,  -0.4897266
,,,3.60700005e-008,  -0.4867578
,,,3.60800005e-008,  -0.4837891
,,,3.60900005e-008,  -0.4809375
,,,3.61000005e-008,  -0.4783008
,,,3.61100005e-008,   -0.475957
,,,3.61200005e-008,  -0.4740234
,,,3.61300005e-008,     -0.4725
,,,3.61400005e-008,  -0.4713867
,,,3.61500005e-008,  -0.4706055
,,,3.61600005e-008,  -0.4700976
,,,3.61700005e-008,  -0.4698047
,,,3.61800005e-008,  -0.4696289
,,,3.61900005e-008,  -0.4694726
,,,3.62000005e-008,  -0.4692578
,,,3.62100005e-008,  -0.4688867
,,,3.62200005e-008,  -0.4683203
,,,3.62300005e-008,     -0.4675
,,,3.62400005e-008,  -0.4662891
,,,3.62500005e-008,  -0.4647656
,,,3.62600005e-008,  -0.4629883
,,,3.62700005e-008,  -0.4610547
,,,3.62800005e-008,   -0.459082
,,,3.62900005e-008,   -0.457168
,,,3.63000005e-008,  -0.4554492
,,,3.63100005e-008,  -0.4540625
,,,3.63200005e-008,  -0.4530469
,,,3.63300005e-008,     -0.4525
,,,3.63400005e-008,  -0.4523047
,,,3.63500005e-008,     -0.4525
,,,3.63600005e-008,  -0.4529883
,,,3.63700005e-008,  -0.4537305
,,,3.63800005e-008,  -0.4545898
,,,3.63900005e-008,  -0.4555078
,,,3.64000005e-008,  -0.4563672
,,,3.64100005e-008,  -0.4570312
,,,3.64200005e-008,  -0.4574414
,,,3.64300005e-008,     -0.4575
,,,3.64400005e-008,  -0.4569726
,,,3.64500005e-008,   -0.455957
,,,3.64600005e-008,  -0.4544726
,,,3.64700005e-008,  -0.4525586
,,,3.64800005e-008,  -0.4503125
,,,3.64900005e-008,   -0.447832
,,,3.65000005e-008,  -0.4452148
,,,3.65100005e-008,  -0.4425781
,,,3.65200005e-008,  -0.4399805
,,,3.65300005e-008,     -0.4375
,,,3.65400005e-008,  -0.4350781
,,,3.65500005e-008,   -0.432793
,,,3.65600005e-008,  -0.4306445
,,,3.65700005e-008,  -0.4286328
,,,3.65800005e-008,  -0.4267187
,,,3.65900005e-008,  -0.4248828
,,,3.66000005e-008,  -0.4230859
,,,3.66100005e-008,  -0.4212695
,,,3.66200005e-008,  -0.4194336
,,,3.66300005e-008,     -0.4175
,,,3.66400005e-008,  -0.4153516
,,,3.66500005e-008,  -0.4130273
,,,3.66600005e-008,  -0.4105469
,,,3.66700005e-008,  -0.4079297
,,,3.66800005e-008,  -0.4052344
,,,3.66900005e-008,     -0.4025
,,,3.67000005e-008,  -0.3998047
,,,3.67100005e-008,  -0.3971875
,,,3.67200005e-008,  -0.3947461
,,,3.67300005e-008,     -0.3925
,,,3.67400005e-008,  -0.3905078
,,,3.67500005e-008,  -0.3887305
,,,3.67600005e-008,   -0.387168
,,,3.67700005e-008,  -0.3858398
,,,3.67800005e-008,  -0.3847461
,,,3.67900005e-008,  -0.3838867
,,,3.68000005e-008,  -0.3832617
,,,3.68100005e-008,   -0.382832
,,,3.68200005e-008,  -0.3825976
,,,3.68300005e-008,     -0.3825
,,,3.68400005e-008,     -0.3825
,,,3.68500005e-008,  -0.3824805
,,,3.68600005e-008,  -0.3823828
,,,3.68700005e-008,   -0.382168
,,,3.68800005e-008,  -0.3818359
,,,3.68900005e-008,  -0.3813281
,,,3.69000005e-008,  -0.3806445
,,,3.69100005e-008,  -0.3797851
,,,3.69200005e-008,  -0.3787305
,,,3.69300005e-008,     -0.3775
,,,3.69400005e-008,  -0.3760547
,,,3.69500005e-008,  -0.3743945
,,,3.69600005e-008,     -0.3725
,,,3.69700005e-008,  -0.3704492
,,,3.69800005e-008,  -0.3682617
,,,3.69900005e-008,  -0.3660156
,,,3.70000005e-008,  -0.3637695
,,,3.70100005e-008,  -0.3615625
,,,3.70200005e-008,  -0.3594726
,,,3.70300005e-008,     -0.3575
,,,3.70400005e-008,  -0.3556836
,,,3.70500005e-008,  -0.3539648
,,,3.70600005e-008,  -0.3523437
,,,3.70700005e-008,  -0.3507617
,,,3.70800005e-008,  -0.3492578
,,,3.70900005e-008,  -0.3478125
,,,3.71000005e-008,  -0.3464258
,,,3.71100005e-008,  -0.3450781
,,,3.71200005e-008,  -0.3437695
,,,3.71300005e-008,     -0.3425
,,,3.71400005e-008,    -0.34125
,,,3.71500005e-008,  -0.3399805
,,,3.71600005e-008,  -0.3386914
,,,3.71700005e-008,  -0.3374219
,,,3.71800005e-008,  -0.3362305
,,,3.71900005e-008,  -0.3351367
,,,3.72000005e-008,  -0.3341992
,,,3.72100005e-008,  -0.3334375
,,,3.72200005e-008,  -0.3328711
,,,3.72300005e-008,     -0.3325
,,,3.72400005e-008,  -0.3322851
,,,3.72500005e-008,   -0.332168
,,,3.72600005e-008,  -0.3320508
,,,3.72700005e-008,  -0.3318945
,,,3.72800005e-008,  -0.3316601
,,,3.72900005e-008,  -0.3312695
,,,3.73000005e-008,  -0.3306836
,,,3.73100005e-008,  -0.3298828
,,,3.73200005e-008,  -0.3288281
,,,3.73300005e-008,     -0.3275
,,,3.73400005e-008,  -0.3258203
,,,3.73500005e-008,  -0.3238476
,,,3.73600005e-008,  -0.3216797
,,,3.73700005e-008,  -0.3193555
,,,3.73800005e-008,  -0.3169726
,,,3.73900005e-008,  -0.3146484
,,,3.74000005e-008,  -0.3124805
,,,3.74100005e-008,  -0.3105273
,,,3.74200005e-008,  -0.3088476
,,,3.74300005e-008,     -0.3075
,,,3.74400005e-008,  -0.3064453
,,,3.74500005e-008,  -0.3056055
,,,3.74600005e-008,  -0.3048828
,,,3.74700005e-008,  -0.3042383
,,,3.74800005e-008,  -0.3035742
,,,3.74900005e-008,  -0.3028125
,,,3.75000005e-008,   -0.301875
,,,3.75100005e-008,  -0.3007031
,,,3.75200005e-008,  -0.2992383
,,,3.75300005e-008,     -0.2975
,,,3.75400005e-008,  -0.2954297
,,,3.75500005e-008,  -0.2930859
,,,3.75600005e-008,  -0.2905273
,,,3.75700005e-008,  -0.2878906
,,,3.75800005e-008,  -0.2853125
,,,3.75900005e-008,  -0.2829102
,,,3.76000005e-008,  -0.2808398
,,,3.76100005e-008,  -0.2791992
,,,3.76200005e-008,  -0.2780664
,,,3.76300005e-008,     -0.2775
,,,3.76400005e-008,  -0.2775195
,,,3.76500005e-008,  -0.2779883
,,,3.76600005e-008,  -0.2787891
,,,3.76700005e-008,  -0.2797852
,,,3.76800005e-008,  -0.2808594
,,,3.76900005e-008,   -0.281875
,,,3.77000005e-008,  -0.2826562
,,,3.77100005e-008,  -0.2830859
,,,3.77200005e-008,  -0.2830469
,,,3.77300005e-008,     -0.2825
,,,3.77400005e-008,  -0.2813086
,,,3.77500005e-008,  -0.2795312
,,,3.77600005e-008,   -0.277207
,,,3.77700005e-008,  -0.2744727
,,,3.77800005e-008,  -0.2714453
,,,3.77900005e-008,  -0.2683008
,,,3.78000005e-008,  -0.2651758
,,,3.78100005e-008,  -0.2622656
,,,3.78200005e-008,   -0.259668
,,,3.78300005e-008,     -0.2575
,,,3.78400005e-008,  -0.2558789
,,,3.78500005e-008,  -0.2546875
,,,3.78600005e-008,  -0.2539258
,,,3.78700005e-008,  -0.2534766
,,,3.78800005e-008,  -0.2532812
,,,3.78900005e-008,  -0.2532422
,,,3.79000005e-008,  -0.2532422
,,,3.79100005e-008,  -0.2531641
,,,3.79200005e-008,  -0.2529492
,,,3.79300005e-008,     -0.2525
,,,3.79400005e-008,  -0.2517773
,,,3.79500005e-008,  -0.2507227
,,,3.79600005e-008,  -0.2493359
,,,3.79700005e-008,  -0.2476953
,,,3.79800005e-008,  -0.2458594
,,,3.79900005e-008,  -0.2439648
,,,3.80000005e-008,  -0.2420703
,,,3.80100005e-008,   -0.240293
,,,3.80200005e-008,    -0.23875
,,,3.80300005e-008,     -0.2375
,,,3.80400005e-008,  -0.2366016
,,,3.80500005e-008,  -0.2360156
,,,3.80600005e-008,  -0.2357227
,,,3.80700005e-008,  -0.2356641
,,,3.80800005e-008,  -0.2358203
,,,3.80900005e-008,  -0.2361328
,,,3.81000005e-008,  -0.2365234
,,,3.81100005e-008,  -0.2369141
,,,3.81200005e-008,  -0.2372656
,,,3.81300005e-008,     -0.2375
,,,3.81400005e-008,  -0.2374219
,,,3.81500005e-008,  -0.2370898
,,,3.81600005e-008,  -0.2364648
,,,3.81700005e-008,  -0.2355859
,,,3.81800005e-008,  -0.2344922
,,,3.81900005e-008,  -0.2332227
,,,3.82000005e-008,  -0.2318359
,,,3.82100005e-008,  -0.2303711
,,,3.82200005e-008,  -0.2289258
,,,3.82300005e-008,     -0.2275
,,,3.82400005e-008,  -0.2261523
,,,3.82500005e-008,  -0.2248633
,,,3.82600005e-008,  -0.2236523
,,,3.82700005e-008,     -0.2225
,,,3.82800005e-008,  -0.2214648
,,,3.82900005e-008,  -0.2205078
,,,3.83000005e-008,  -0.2196289
,,,3.83100005e-008,  -0.2188477
,,,3.83200005e-008,   -0.218125
,,,3.83300005e-008,     -0.2175
,,,3.83400005e-008,  -0.2168555
,,,3.83500005e-008,  -0.2162305
,,,3.83600005e-008,  -0.2156055
,,,3.83700005e-008,  -0.2150195
,,,3.83800005e-008,  -0.2144727
,,,3.83900005e-008,  -0.2139648
,,,3.84000005e-008,  -0.2135352
,,,3.84100005e-008,  -0.2131445
,,,3.84200005e-008,  -0.2128125
,,,3.84300005e-008,     -0.2125
,,,3.84400005e-008,  -0.2120312
,,,3.84500005e-008,  -0.2114453
,,,3.84600005e-008,  -0.2106836
,,,3.84700005e-008,  -0.2096875
,,,3.84800005e-008,  -0.2084375
,,,3.84900005e-008,   -0.206875
,,,3.85000005e-008,      -0.205
,,,3.85100005e-008,   -0.202793
,,,3.85200005e-008,  -0.2002734
,,,3.85300005e-008,     -0.1975
,,,3.85400005e-008,  -0.1944336
,,,3.85500005e-008,  -0.1911914
,,,3.85600005e-008,  -0.1879102
,,,3.85700005e-008,   -0.184668
,,,3.85800005e-008,  -0.1816016
,,,3.85900005e-008,  -0.1788086
,,,3.86000005e-008,  -0.1764258
,,,3.86100005e-008,  -0.1745508
,,,3.86200005e-008,  -0.1732227
,,,3.86300005e-008,     -0.1725
,,,3.86400005e-008,  -0.1724414
,,,3.86500005e-008,  -0.1728711
,,,3.86600005e-008,  -0.1737305
,,,3.86700005e-008,  -0.1749023
,,,3.86800005e-008,  -0.1762891
,,,3.86900005e-008,   -0.177793
,,,3.87000005e-008,  -0.1792773
,,,3.87100005e-008,   -0.180625
,,,3.87200005e-008,  -0.1817187
,,,3.87300005e-008,     -0.1825
,,,3.87400005e-008,   -0.182832
,,,3.87500005e-008,  -0.1826758
,,,3.87600005e-008,  -0.1820117
,,,3.87700005e-008,  -0.1808398
,,,3.87800005e-008,  -0.1792383
,,,3.87900005e-008,  -0.1772656
,,,3.88000005e-008,  -0.1750195
,,,3.88100005e-008,  -0.1725781
,,,3.88200005e-008,  -0.1700391
,,,3.88300005e-008,     -0.1675
,,,3.88400005e-008,  -0.1650391
,,,3.88500005e-008,  -0.1627148
,,,3.88600005e-008,  -0.1605664
,,,3.88700005e-008,  -0.1586328
,,,3.88800005e-008,  -0.1569531
,,,3.88900005e-008,  -0.1555469
,,,3.89000005e-008,  -0.1544141
,,,3.89100005e-008,  -0.1535352
,,,3.89200005e-008,  -0.1529102
,,,3.89300005e-008,     -0.1525
,,,3.89400005e-008,  -0.1522656
,,,3.89500005e-008,  -0.1520898
,,,3.89600005e-008,  -0.1518945
,,,3.89700005e-008,  -0.1516406
,,,3.89800005e-008,  -0.1512891
,,,3.89900005e-008,  -0.1508203
,,,3.90000005e-008,  -0.1502148
,,,3.90100005e-008,  -0.1494531
,,,3.90200005e-008,  -0.1485352
,,,3.90300005e-008,     -0.1475
,,,3.90400005e-008,  -0.1463672
,,,3.90500005e-008,  -0.1451367
,,,3.90600005e-008,  -0.1438281
,,,3.90700005e-008,     -0.1425
,,,3.90800005e-008,  -0.1412109
,,,3.90900005e-008,  -0.1400391
,,,3.91000005e-008,  -0.1390234
,,,3.91100005e-008,  -0.1382422
,,,3.91200005e-008,  -0.1377344
,,,3.91300005e-008,     -0.1375
,,,3.91400005e-008,  -0.1375586
,,,3.91500005e-008,  -0.1378516
,,,3.91600005e-008,  -0.1383594
,,,3.91700005e-008,  -0.1390039
,,,3.91800005e-008,  -0.1397266
,,,3.91900005e-008,  -0.1404883
,,,3.92000005e-008,  -0.1412109
,,,3.92100005e-008,  -0.1418359
,,,3.92200005e-008,  -0.1422852
,,,3.92300005e-008,     -0.1425
,,,3.92400005e-008,  -0.1424219
,,,3.92500005e-008,  -0.1420117
,,,3.92600005e-008,  -0.1412109
,,,3.92700005e-008,  -0.1400391
,,,3.92800005e-008,  -0.1385352
,,,3.92900005e-008,  -0.1367187
,,,3.93000005e-008,  -0.1346289
,,,3.93100005e-008,  -0.1323633
,,,3.93200005e-008,  -0.1299609
,,,3.93300005e-008,     -0.1275
,,,3.93400005e-008,  -0.1251367
,,,3.93500005e-008,   -0.122832
,,,3.93600005e-008,  -0.1206445
,,,3.93700005e-008,  -0.1186523
,,,3.93800005e-008,  -0.1168945
,,,3.93900005e-008,  -0.1153906
,,,3.94000005e-008,  -0.1141992
,,,3.94100005e-008,  -0.1133203
,,,3.94200005e-008,  -0.1127539
,,,3.94300005e-008,     -0.1125
,,,3.94400005e-008,  -0.1125977
,,,3.94500005e-008,  -0.1129102
,,,3.94600005e-008,  -0.1133984
,,,3.94700005e-008,  -0.1139844
,,,3.94800005e-008,  -0.1146484
,,,3.94900005e-008,  -0.1153516
,,,3.95000005e-008,  -0.1160156
,,,3.95100005e-008,  -0.1166211
,,,3.95200005e-008,  -0.1171289
,,,3.95300005e-008,     -0.1175
,,,3.95400005e-008,  -0.1176953
,,,3.95500005e-008,  -0.1176758
,,,3.95600005e-008,  -0.1174609
,,,3.95700005e-008,  -0.1170312
,,,3.95800005e-008,  -0.1164453
,,,3.95900005e-008,  -0.1157227
,,,3.96000005e-008,  -0.1149414
,,,3.96100005e-008,  -0.1141016
,,,3.96200005e-008,  -0.1132812
,,,3.96300005e-008,     -0.1125
,,,3.96400005e-008,  -0.1118359
,,,3.96500005e-008,    -0.11125
,,,3.96600005e-008,  -0.1108203
,,,3.96700005e-008,  -0.1105469
,,,3.96800005e-008,  -0.1104492
,,,3.96900005e-008,  -0.1105469
,,,3.97000005e-008,  -0.1108008
,,,3.97100005e-008,    -0.11125
,,,3.97200005e-008,  -0.1118164
,,,3.97300005e-008,     -0.1125
,,,3.97400005e-008,  -0.1132031
,,,3.97500005e-008,  -0.1138672
,,,3.97600005e-008,  -0.1144336
,,,3.97700005e-008,  -0.1148437
,,,3.97800005e-008,  -0.1150781
,,,3.97900005e-008,  -0.1150977
,,,3.98000005e-008,  -0.1148828
,,,3.98100005e-008,   -0.114375
,,,3.98200005e-008,  -0.1135937
,,,3.98300005e-008,     -0.1125
,,,3.98400005e-008,  -0.1110937
,,,3.98500005e-008,  -0.1094141
,,,3.98600005e-008,     -0.1075
,,,3.98700005e-008,  -0.1054102
,,,3.98800005e-008,  -0.1032031
,,,3.98900005e-008,  -0.1009375
,,,3.99000005e-008, -0.09867187
,,,3.99100005e-008, -0.09648437
,,,3.99200005e-008, -0.09441406
,,,3.99300005e-008,     -0.0925
,,,3.99400005e-008, -0.09085937
,,,3.99500005e-008, -0.08945312
,,,3.99600005e-008, -0.08832031
,,,3.99700005e-008, -0.08748047
,,,3.99800005e-008, -0.08691406
,,,3.99900005e-008, -0.08662109
,,,4.00000005e-008,  -0.0865625
,,,4.00100005e-008, -0.08671875
,,,4.00200005e-008, -0.08705078
,,,4.00300005e-008,     -0.0875
,,,4.00400005e-008, -0.08808594
,,,4.00500005e-008, -0.08865234
,,,4.00600005e-008, -0.08916015
,,,4.00700005e-008, -0.08951172
,,,4.00800005e-008, -0.08970703
,,,4.00900005e-008, -0.08972656
,,,4.01000005e-008, -0.08951172
,,,4.01100005e-008,  -0.0890625
,,,4.01200005e-008, -0.08839844
,,,4.01300005e-008,     -0.0875
,,,4.01400005e-008, -0.08646484
,,,4.01500005e-008,  -0.0852539
,,,4.01600005e-008, -0.08394531
,,,4.01700005e-008, -0.08261719
,,,4.01800005e-008, -0.08132812
,,,4.01900005e-008, -0.08011719
,,,4.02000005e-008, -0.07910156
,,,4.02100005e-008, -0.07830078
,,,4.02200005e-008,  -0.0777539
,,,4.02300005e-008,     -0.0775
,,,4.02400005e-008, -0.07765625
,,,4.02500005e-008, -0.07802734
,,,4.02600005e-008, -0.07859375
,,,4.02700005e-008, -0.07927734
,,,4.02800005e-008, -0.08001953
,,,4.02900005e-008, -0.08078125
,,,4.03000005e-008, -0.08144531
,,,4.03100005e-008, -0.08199219
,,,4.03200005e-008, -0.08236328
,,,4.03300005e-008,     -0.0825
,,,4.03400005e-008, -0.08251953
,,,4.03500005e-008, -0.08226562
,,,4.03600005e-008,  -0.0818164
,,,4.03700005e-008, -0.08121094
,,,4.03800005e-008, -0.08048828
,,,4.03900005e-008, -0.07970703
,,,4.04000005e-008, -0.07898437
,,,4.04100005e-008, -0.07833984
,,,4.04200005e-008, -0.07783203
,,,4.04300005e-008,     -0.0775
,,,4.04400005e-008, -0.07734375
,,,4.04500005e-008, -0.07732422
,,,4.04600005e-008,  -0.0774414
,,,4.04700005e-008, -0.07763672
,,,4.04800005e-008, -0.07785156
,,,4.04900005e-008, -0.07804687
,,,4.05000005e-008, -0.07816406
,,,4.05100005e-008, -0.07814453
,,,4.05200005e-008, -0.07792969
,,,4.05300005e-008,     -0.0775
,,,4.05400005e-008,  -0.0768164
,,,4.05500005e-008, -0.07591797
,,,4.05600005e-008, -0.07482422
,,,4.05700005e-008, -0.07361328
,,,4.05800005e-008, -0.07232422
,,,4.05900005e-008, -0.07103516
,,,4.06000005e-008, -0.06984375
,,,4.06100005e-008, -0.06880859
,,,4.06200005e-008, -0.06802734
,,,4.06300005e-008,     -0.0675
,,,4.06400005e-008, -0.06738281
,,,4.06500005e-008, -0.06757812
,,,4.06600005e-008, -0.06808594
,,,4.06700005e-008, -0.06890625
,,,4.06800005e-008,       -0.07
,,,4.06900005e-008, -0.07132812
,,,4.07000005e-008, -0.07279297
,,,4.07100005e-008,   -0.074375
,,,4.07200005e-008, -0.07595703
,,,4.07300005e-008,     -0.0775
,,,4.07400005e-008, -0.07884765
,,,4.07500005e-008, -0.07996094
,,,4.07600005e-008, -0.08082031
,,,4.07700005e-008, -0.08136719
,,,4.07800005e-008, -0.08158203
,,,4.07900005e-008, -0.08144531
,,,4.08000005e-008, -0.08097656
,,,4.08100005e-008, -0.08013672
,,,4.08200005e-008, -0.07898437
,,,4.08300005e-008,     -0.0775
,,,4.08400005e-008, -0.07568359
,,,4.08500005e-008, -0.07365234
,,,4.08600005e-008, -0.07148437
,,,4.08700005e-008, -0.06921875
,,,4.08800005e-008, -0.06693359
,,,4.08900005e-008, -0.06470703
,,,4.09000005e-008, -0.06259766
,,,4.09100005e-008, -0.06066406
,,,4.09200005e-008, -0.05894531
,,,4.09300005e-008,     -0.0575
,,,4.09400005e-008, -0.05638672
,,,4.09500005e-008, -0.05556641
,,,4.09600005e-008, -0.05505859
,,,4.09700005e-008, -0.05480469
,,,4.09800005e-008, -0.05482422
,,,4.09900005e-008, -0.05505859
,,,4.10000005e-008, -0.05548828
,,,4.10100005e-008, -0.05605469
,,,4.10200005e-008, -0.05675781
,,,4.10300005e-008,     -0.0575
,,,4.10400005e-008, -0.05830078
,,,4.10500005e-008,  -0.0590625
,,,4.10600005e-008, -0.05976562
,,,4.10700005e-008, -0.06041016
,,,4.10800005e-008, -0.06095703
,,,4.10900005e-008, -0.06142578
,,,4.11000005e-008, -0.06181641
,,,4.11100005e-008, -0.06212891
,,,4.11200005e-008, -0.06236328
,,,4.11300005e-008,     -0.0625
,,,4.11400005e-008, -0.06257812
,,,4.11500005e-008, -0.06253906
,,,4.11600005e-008, -0.06240234
,,,4.11700005e-008, -0.06212891
,,,4.11800005e-008, -0.06173828
,,,4.11900005e-008, -0.06119141
,,,4.12000006e-008, -0.06048828
,,,4.12100006e-008, -0.05964844
,,,4.12200006e-008, -0.05865234
,,,4.12300006e-008,     -0.0575
,,,4.12400006e-008, -0.05632812
,,,4.12500006e-008, -0.05505859
,,,4.12600006e-008,    -0.05375
,,,4.12700006e-008, -0.05246094
,,,4.12800006e-008,    -0.05125
,,,4.12900006e-008, -0.05013672
,,,4.13000006e-008, -0.04917969
,,,4.13100006e-008, -0.04841797
,,,4.13200006e-008, -0.04785156
,,,4.13300006e-008,     -0.0475
,,,4.13400006e-008, -0.04748047
,,,4.13500006e-008, -0.04759766
,,,4.13600006e-008, -0.04783203
,,,4.13700006e-008, -0.04808594
,,,4.13800006e-008, -0.04832031
,,,4.13900006e-008, -0.04849609
,,,4.14000006e-008, -0.04853516
,,,4.14100006e-008, -0.04837891
,,,4.14200006e-008, -0.04804687
,,,4.14300006e-008,     -0.0475
,,,4.14400006e-008, -0.04677734
,,,4.14500006e-008, -0.04589844
,,,4.14600006e-008, -0.04494141
,,,4.14700006e-008, -0.04396484
,,,4.14800006e-008, -0.04306641
,,,4.14900006e-008, -0.04234375
,,,4.15000006e-008, -0.04185547
,,,4.15100006e-008, -0.04169922
,,,4.15200006e-008, -0.04189453
,,,4.15300006e-008,     -0.0425
,,,4.15400006e-008, -0.04357422
,,,4.15500006e-008, -0.04496094
,,,4.15600006e-008, -0.04662109
,,,4.15700006e-008, -0.04845703
,,,4.15800006e-008, -0.05037109
,,,4.15900006e-008, -0.05224609
,,,4.16000006e-008, -0.05398437
,,,4.16100006e-008, -0.05548828
,,,4.16200006e-008, -0.05667969
,,,4.16300006e-008,     -0.0575
,,,4.16400006e-008, -0.05792969
,,,4.16500006e-008, -0.05796875
,,,4.16600006e-008, -0.05763672
,,,4.16700006e-008, -0.05703125
,,,4.16800006e-008, -0.05623047
,,,4.16900006e-008, -0.05533203
,,,4.17000006e-008, -0.05443359
,,,4.17100006e-008, -0.05361328
,,,4.17200006e-008, -0.05296875
,,,4.17300006e-008,     -0.0525
,,,4.17400006e-008, -0.05230469
,,,4.17500006e-008, -0.05232422
,,,4.17600006e-008, -0.05251953
,,,4.17700006e-008, -0.05283203
,,,4.17800006e-008, -0.05318359
,,,4.17900006e-008, -0.05347656
,,,4.18000006e-008, -0.05363281
,,,4.18100006e-008, -0.05357422
,,,4.18200006e-008, -0.05320312
,,,4.18300006e-008,     -0.0525
,,,4.18400006e-008, -0.05142578
,,,4.18500006e-008, -0.05003906
,,,4.18600006e-008, -0.04837891
,,,4.18700006e-008,  -0.0465625
,,,4.18800006e-008, -0.04464844
,,,4.18900006e-008, -0.04277344
,,,4.19000006e-008, -0.04101562
,,,4.19100006e-008, -0.03951172
,,,4.19200006e-008, -0.03832031
,,,4.19300006e-008,     -0.0375
,,,4.19400006e-008, -0.03722656
,,,4.19500006e-008, -0.03740234
,,,4.19600006e-008, -0.03798828
,,,4.19700006e-008, -0.03892578
,,,4.19800006e-008, -0.04013672
,,,4.19900006e-008,  -0.0415625
,,,4.20000006e-008, -0.04310547
,,,4.20100006e-008, -0.04464844
,,,4.20200006e-008, -0.04615234
,,,4.20300006e-008,     -0.0475
,,,4.20400006e-008, -0.04867187
,,,4.20500006e-008, -0.04960937
,,,4.20600006e-008, -0.05035156
,,,4.20700006e-008, -0.05089844
,,,4.20800006e-008, -0.05128906
,,,4.20900006e-008, -0.05158203
,,,4.21000006e-008, -0.05179687
,,,4.21100006e-008, -0.05201172
,,,4.21200006e-008, -0.05222656
,,,4.21300006e-008,     -0.0525
,,,4.21400006e-008, -0.05279297
,,,4.21500006e-008, -0.05310547
,,,4.21600006e-008, -0.05341797
,,,4.21700006e-008, -0.05371094
,,,4.21800006e-008, -0.05392578
,,,4.21900006e-008, -0.05402344
,,,4.22000006e-008, -0.05394531
,,,4.22100006e-008, -0.05369141
,,,4.22200006e-008, -0.05322266
,,,4.22300006e-008,     -0.0525
,,,4.22400006e-008, -0.05154297
,,,4.22500006e-008, -0.05041016
,,,4.22600006e-008, -0.04914062
,,,4.22700006e-008,  -0.0478125
,,,4.22800006e-008, -0.04648437
,,,4.22900006e-008, -0.04523437
,,,4.23000006e-008, -0.04416016
,,,4.23100006e-008, -0.04330078
,,,4.23200006e-008, -0.04275391
,,,4.23300006e-008,     -0.0425
,,,4.23400006e-008, -0.04265625
,,,4.23500006e-008,   -0.043125
,,,4.23600006e-008, -0.04390625
,,,4.23700006e-008, -0.04492187
,,,4.23800006e-008, -0.04613281
,,,4.23900006e-008, -0.04748047
,,,4.24000006e-008, -0.04886719
,,,4.24100006e-008, -0.05021484
,,,4.24200006e-008, -0.05144531
,,,4.24300006e-008,     -0.0525
,,,4.24400006e-008, -0.05322266
,,,4.24500006e-008, -0.05365234
,,,4.24600006e-008, -0.05376953
,,,4.24700006e-008, -0.05359375
,,,4.24800006e-008,   -0.053125
,,,4.24900006e-008, -0.05238281
,,,4.25000006e-008, -0.05142578
,,,4.25100006e-008, -0.05025391
,,,4.25200006e-008, -0.04892578
,,,4.25300006e-008,     -0.0475
,,,4.25400006e-008, -0.04601562
,,,4.25500006e-008, -0.04453125
,,,4.25600006e-008, -0.04310547
,,,4.25700006e-008, -0.04179687
,,,4.25800006e-008, -0.04060547
,,,4.25900006e-008, -0.03958984
,,,4.26000006e-008, -0.03876953
,,,4.26100006e-008, -0.03814453
,,,4.26200006e-008, -0.03771484
,,,4.26300006e-008,     -0.0375
,,,4.26400006e-008, -0.03753906
,,,4.26500006e-008, -0.03771484
,,,4.26600006e-008, -0.03806641
,,,4.26700006e-008, -0.03853516
,,,4.26800006e-008, -0.03912109
,,,4.26900006e-008, -0.03976562
,,,4.27000006e-008, -0.04044922
,,,4.27100006e-008, -0.04115234
,,,4.27200006e-008, -0.04185547
,,,4.27300006e-008,     -0.0425
,,,4.27400006e-008, -0.04308594
,,,4.27500006e-008, -0.04355469
,,,4.27600006e-008, -0.04388672
,,,4.27700006e-008, -0.04408203
,,,4.27800006e-008, -0.04414062
,,,4.27900006e-008, -0.04404297
,,,4.28000006e-008, -0.04382812
,,,4.28100006e-008, -0.04349609
,,,4.28200006e-008, -0.04304687
,,,4.28300006e-008,     -0.0425
,,,4.28400006e-008, -0.04185547
,,,4.28500006e-008, -0.04117187
,,,4.28600006e-008, -0.04048828
,,,4.28700006e-008, -0.03980469
,,,4.28800006e-008, -0.03919922
,,,4.28900006e-008, -0.03865234
,,,4.29000006e-008, -0.03820312
,,,4.29100006e-008, -0.03785156
,,,4.29200006e-008, -0.03763672
,,,4.29300006e-008,     -0.0375
,,,4.29400006e-008,     -0.0375
,,,4.29500006e-008, -0.03755859
,,,4.29600006e-008, -0.03765625
,,,4.29700006e-008, -0.03777344
,,,4.29800006e-008, -0.03789062
,,,4.29900006e-008, -0.03796875
,,,4.30000006e-008, -0.03798828
,,,4.30100006e-008, -0.03792969
,,,4.30200006e-008, -0.03777344
,,,4.30300006e-008,     -0.0375
,,,4.30400006e-008, -0.03716797
,,,4.30500006e-008, -0.03671875
,,,4.30600006e-008, -0.03621094
,,,4.30700006e-008,   -0.035625
,,,4.30800006e-008,      -0.035
,,,4.30900006e-008, -0.03439453
,,,4.31000006e-008, -0.03380859
,,,4.31100006e-008, -0.03330078
,,,4.31200006e-008, -0.03285156
,,,4.31300006e-008,     -0.0325
,,,4.31400006e-008, -0.03232422
,,,4.31500006e-008, -0.03224609
,,,4.31600006e-008, -0.03226562
,,,4.31700006e-008, -0.03234375
,,,4.31800006e-008, -0.03246094
,,,4.31900006e-008, -0.03259766
,,,4.32000006e-008, -0.03267578
,,,4.32100006e-008, -0.03271484
,,,4.32200006e-008, -0.03265625
,,,4.32300006e-008,     -0.0325
,,,4.32400006e-008, -0.03226562
,,,4.32500006e-008, -0.03191406
,,,4.32600006e-008, -0.03146484
,,,4.32700006e-008, -0.03091797
,,,4.32800006e-008,  -0.0303125
,,,4.32900006e-008,  -0.0296875
,,,4.33000006e-008,  -0.0290625
,,,4.33100006e-008, -0.02847656
,,,4.33200006e-008, -0.02794922
,,,4.33300006e-008,     -0.0275
,,,4.33400006e-008, -0.02724609
,,,4.33500006e-008, -0.02707031
,,,4.33600006e-008, -0.02699219
,,,4.33700006e-008, -0.02697266
,,,4.33800006e-008, -0.02703125
,,,4.33900006e-008, -0.02710937
,,,4.34000006e-008, -0.02720703
,,,4.34100006e-008, -0.02732422
,,,4.34200006e-008, -0.02742187
,,,4.34300006e-008,     -0.0275
,,,4.34400006e-008, -0.02761719
,,,4.34500006e-008, -0.02773437
,,,4.34600006e-008, -0.02789062
,,,4.34700006e-008, -0.02810547
,,,4.34800006e-008,  -0.0284375
,,,4.34900006e-008, -0.02888672
,,,4.35000006e-008, -0.02951172
,,,4.35100006e-008,  -0.0303125
,,,4.35200006e-008, -0.03132812
,,,4.35300006e-008,     -0.0325
,,,4.35400006e-008, -0.03386719
,,,4.35500006e-008,  -0.0353125
,,,4.35600006e-008, -0.03679687
,,,4.35700006e-008, -0.03824219
,,,4.35800006e-008, -0.03957031
,,,4.35900006e-008, -0.04074219
,,,4.36000006e-008, -0.04166016
,,,4.36100006e-008, -0.04228516
,,,4.36200006e-008, -0.04257812
,,,4.36300006e-008,     -0.0425
,,,4.36400006e-008, -0.04201172
,,,4.36500006e-008, -0.04119141
,,,4.36600006e-008, -0.04013672
,,,4.36700006e-008, -0.03890625
,,,4.36800006e-008, -0.03759766
,,,4.36900006e-008, -0.03626953
,,,4.37000006e-008, -0.03503906
,,,4.37100006e-008, -0.03396484
,,,4.37200006e-008, -0.03310547
,,,4.37300006e-008,     -0.0325
,,,4.37400006e-008, -0.03214844
,,,4.37500006e-008, -0.03201172
,,,4.37600006e-008, -0.03210937
,,,4.37700006e-008, -0.03234375
,,,4.37800006e-008, -0.03263672
,,,4.37900006e-008, -0.03292969
,,,4.38000006e-008,   -0.033125
,,,4.38100006e-008, -0.03314453
,,,4.38200006e-008, -0.03296875
,,,4.38300006e-008,     -0.0325
,,,4.38400006e-008, -0.03175781
,,,4.38500006e-008, -0.03078125
,,,4.38600006e-008, -0.02958984
,,,4.38700006e-008, -0.02828125
,,,4.38800006e-008, -0.02693359
,,,4.38900006e-008,   -0.025625
,,,4.39000006e-008, -0.02445312
,,,4.39100006e-008, -0.02349609
,,,4.39200006e-008, -0.02283203
,,,4.39300006e-008,     -0.0225
,,,4.39400006e-008, -0.02261719
,,,4.39500006e-008, -0.02306641
,,,4.39600006e-008, -0.02386719
,,,4.39700006e-008, -0.02494141
,,,4.39800006e-008, -0.02621094
,,,4.39900006e-008, -0.02759766
,,,4.40000006e-008, -0.02900391
,,,4.40100006e-008, -0.03035156
,,,4.40200006e-008, -0.03154297
,,,4.40300006e-008,     -0.0325
,,,4.40400006e-008, -0.03318359
,,,4.40500006e-008, -0.03351562
,,,4.40600006e-008, -0.03353516
,,,4.40700006e-008, -0.03324219
,,,4.40800006e-008, -0.03267578
,,,4.40900006e-008,   -0.031875
,,,4.41000006e-008, -0.03089844
,,,4.41100006e-008, -0.02980469
,,,4.41200006e-008, -0.02865234
,,,4.41300006e-008,     -0.0275
,,,4.41400006e-008, -0.02646484
,,,4.41500006e-008, -0.02550781
,,,4.41600006e-008, -0.02466797
,,,4.41700006e-008, -0.02396484
,,,4.41800006e-008, -0.02341797
,,,4.41900006e-008, -0.02298828
,,,4.42000006e-008, -0.02269531
,,,4.42100006e-008, -0.02251953
,,,4.42200006e-008, -0.02246094
,,,4.42300006e-008,     -0.0225
,,,4.42400006e-008, -0.02267578
,,,4.42500006e-008, -0.02292969
,,,4.42600006e-008, -0.02326172
,,,4.42700006e-008, -0.02365234
,,,4.42800006e-008, -0.02412109
,,,4.42900006e-008, -0.02464844
,,,4.43000006e-008, -0.02527344
,,,4.43100006e-008, -0.02595703
,,,4.43200006e-008, -0.02669922
,,,4.43300006e-008,     -0.0275
,,,4.43400006e-008, -0.02839844
,,,4.43500006e-008, -0.02927734
,,,4.43600006e-008, -0.03013672
,,,4.43700006e-008, -0.03091797
,,,4.43800006e-008, -0.03158203
,,,4.43900006e-008, -0.03212891
,,,4.44000006e-008,     -0.0325
,,,4.44100006e-008, -0.03269531
,,,4.44200006e-008, -0.03269531
,,,4.44300006e-008,     -0.0325
,,,4.44400006e-008, -0.03203125
,,,4.44500006e-008, -0.03142578
,,,4.44600006e-008, -0.03072266
,,,4.44700006e-008, -0.02996094
,,,4.44800006e-008, -0.02923828
,,,4.44900006e-008, -0.02859375
,,,4.45000006e-008, -0.02806641
,,,4.45100006e-008, -0.02769531
,,,4.45200006e-008,     -0.0275
,,,4.45300006e-008,     -0.0275
,,,4.45400006e-008, -0.02767578
,,,4.45500006e-008, -0.02796875
,,,4.45600006e-008, -0.02833984
,,,4.45700006e-008, -0.02871094
,,,4.45800006e-008, -0.02900391
,,,4.45900006e-008, -0.02916016
,,,4.46000006e-008, -0.02912109
,,,4.46100006e-008, -0.02884766
,,,4.46200006e-008, -0.02830078
,,,4.46300006e-008,     -0.0275
,,,4.46400006e-008, -0.02644531
,,,4.46500006e-008, -0.02525391
,,,4.46600006e-008, -0.02398437
,,,4.46700006e-008, -0.02277344
,,,4.46800006e-008, -0.02173828
,,,4.46900006e-008, -0.02099609
,,,4.47000006e-008,   -0.020625
,,,4.47100006e-008, -0.02074219
,,,4.47200006e-008, -0.02136719
,,,4.47300006e-008,     -0.0225
,,,4.47400006e-008, -0.02414062
,,,4.47500006e-008, -0.02613281
,,,4.47600006e-008, -0.02837891
,,,4.47700006e-008, -0.03074219
,,,4.47800006e-008, -0.03298828
,,,4.47900006e-008,      -0.035
,,,4.48000006e-008, -0.03658203
,,,4.48100006e-008, -0.03759766
,,,4.48200006e-008, -0.03792969
,,,4.48300006e-008,     -0.0375
,,,4.48400006e-008,    -0.03625
,,,4.48500006e-008, -0.03429687
,,,4.48600006e-008, -0.03175781
,,,4.48700006e-008, -0.02878906
,,,4.48800006e-008, -0.02558594
,,,4.48900006e-008, -0.02232422
,,,4.49000006e-008, -0.01921875
,,,4.49100006e-008, -0.01644531
,,,4.49200006e-008, -0.01417969
,,,4.49300006e-008,     -0.0125
,,,4.49400006e-008, -0.01164063
,,,4.49500006e-008, -0.01146484
,,,4.49600006e-008, -0.01195313
,,,4.49700006e-008, -0.01296875
,,,4.49800006e-008, -0.01441406
,,,4.49900006e-008, -0.01613281
,,,4.50000006e-008, -0.01794922
,,,4.50100006e-008, -0.01970703
,,,4.50200006e-008, -0.02126953
,,,4.50300006e-008,     -0.0225
,,,4.50400006e-008, -0.02337891
,,,4.50500006e-008, -0.02380859
,,,4.50600006e-008, -0.02378906
,,,4.50700006e-008, -0.02335937
,,,4.50800006e-008, -0.02259766
,,,4.50900006e-008, -0.02160156
,,,4.51000006e-008, -0.02050781
,,,4.51100006e-008,   -0.019375
,,,4.51200006e-008, -0.01833984
,,,4.51300006e-008,     -0.0175
,,,4.51400006e-008, -0.01699219
,,,4.51500006e-008, -0.01675781
,,,4.51600006e-008, -0.01683594
,,,4.51700006e-008, -0.01720703
,,,4.51800006e-008, -0.01783203
,,,4.51900006e-008, -0.01865234
,,,4.52000006e-008, -0.01960938
,,,4.52100006e-008, -0.02060547
,,,4.52200006e-008, -0.02160156
,,,4.52300006e-008,     -0.0225
,,,4.52400006e-008, -0.02332031
,,,4.52500006e-008, -0.02396484
,,,4.52600006e-008, -0.02439453
,,,4.52700006e-008, -0.02460937
,,,4.52800006e-008, -0.02462891
,,,4.52900006e-008, -0.02445312
,,,4.53000006e-008, -0.02410156
,,,4.53100006e-008, -0.02365234
,,,4.53200006e-008, -0.02310547
,,,4.53300006e-008,     -0.0225
,,,4.53400006e-008, -0.02191406
,,,4.53500006e-008, -0.02136719
,,,4.53600006e-008, -0.02091797
,,,4.53700006e-008, -0.02056641
,,,4.53800006e-008, -0.02039063
,,,4.53900006e-008, -0.02041016
,,,4.54000006e-008,   -0.020625
,,,4.54100006e-008, -0.02105469
,,,4.54200006e-008, -0.02169922
,,,4.54300006e-008,     -0.0225
,,,4.54400006e-008, -0.02337891
,,,4.54500006e-008, -0.02433594
,,,4.54600006e-008, -0.02529297
,,,4.54700006e-008, -0.02621094
,,,4.54800006e-008, -0.02701172
,,,4.54900006e-008, -0.02763672
,,,4.55000006e-008, -0.02802734
,,,4.55100006e-008,   -0.028125
,,,4.55200006e-008, -0.02796875
,,,4.55300006e-008,     -0.0275
,,,4.55400006e-008, -0.02675781
,,,4.55500006e-008, -0.02582031
,,,4.55600006e-008, -0.02478516
,,,4.55700006e-008,    -0.02375
,,,4.55800006e-008,  -0.0228125
,,,4.55900006e-008, -0.02205078
,,,4.56000006e-008, -0.02160156
,,,4.56100006e-008, -0.02150391
,,,4.56200006e-008, -0.02179687
,,,4.56300006e-008,     -0.0225
,,,4.56400006e-008, -0.02353516
,,,4.56500006e-008, -0.02486328
,,,4.56600006e-008, -0.02638672
,,,4.56700006e-008, -0.02802734
,,,4.56800006e-008, -0.02962891
,,,4.56900006e-008, -0.03103516
,,,4.57000006e-008, -0.03214844
,,,4.57100006e-008,  -0.0328125
,,,4.57200006e-008, -0.03296875
,,,4.57300006e-008,     -0.0325
,,,4.57400006e-008, -0.03134766
,,,4.57500006e-008, -0.02960937
,,,4.57600006e-008, -0.02734375
,,,4.57700006e-008, -0.02466797
,,,4.57800006e-008, -0.02169922
,,,4.57900006e-008, -0.01857422
,,,4.58000006e-008, -0.01544922
,,,4.58100006e-008, -0.01248047
,,,4.58200006e-008,-0.009785156
,,,4.58300006e-008,     -0.0075
,,,4.58400006e-008,-0.005839844
,,,4.58500006e-008,-0.004765625
,,,4.58600006e-008,-0.004257813
,,,4.58700006e-008,-0.004335938
,,,4.58800006e-008,-0.004902344
,,,4.58900006e-008,  -0.0059375
,,,4.59000006e-008,-0.007304688
,,,4.59100006e-008,-0.008925782
,,,4.59200006e-008, -0.01070313
,,,4.59300006e-008,     -0.0125
,,,4.59400006e-008, -0.01431641
,,,4.59500006e-008,  -0.0159375
,,,4.59600006e-008, -0.01730469
,,,4.59700006e-008, -0.01837891
,,,4.59800006e-008, -0.01910156
,,,4.59900006e-008, -0.01945313
,,,4.60000006e-008, -0.01945313
,,,4.60100006e-008, -0.01910156
,,,4.60200006e-008,  -0.0184375
,,,4.60300006e-008,     -0.0175
,,,4.60400006e-008, -0.01638672
,,,4.60500006e-008, -0.01511719
,,,4.60600006e-008, -0.01378906
,,,4.60700006e-008, -0.01242188
,,,4.60800006e-008, -0.01113281
,,,4.60900006e-008,-0.009960938
,,,4.61000006e-008,-0.008964844
,,,4.61100006e-008,-0.008203125
,,,4.61200006e-008,-0.007695313
,,,4.61300006e-008,     -0.0075
,,,4.61400006e-008,-0.007675782
,,,4.61500006e-008,   -0.008125
,,,4.61600006e-008,-0.008828125
,,,4.61700006e-008,-0.009765625
,,,4.61800006e-008, -0.01087891
,,,4.61900006e-008, -0.01214844
,,,4.62000006e-008, -0.01349609
,,,4.62100006e-008, -0.01486328
,,,4.62200006e-008, -0.01621094
,,,4.62300006e-008,     -0.0175
,,,4.62400006e-008, -0.01871094
,,,4.62500006e-008, -0.01976563
,,,4.62600006e-008,   -0.020625
,,,4.62700006e-008, -0.02130859
,,,4.62800006e-008, -0.02181641
,,,4.62900006e-008, -0.02216797
,,,4.63000006e-008, -0.02238281
,,,4.63100006e-008,     -0.0225
,,,4.63200006e-008, -0.02253906
,,,4.63300006e-008,     -0.0225
,,,4.63400006e-008, -0.02246094
,,,4.63500006e-008, -0.02240234
,,,4.63600006e-008, -0.02238281
,,,4.63700006e-008, -0.02240234
,,,4.63800006e-008, -0.02244141
,,,4.63900006e-008, -0.02248047
,,,4.64000006e-008, -0.02253906
,,,4.64100006e-008, -0.02255859
,,,4.64200006e-008, -0.02255859
,,,4.64300006e-008,     -0.0225
,,,4.64400006e-008, -0.02234375
,,,4.64500006e-008, -0.02208984
,,,4.64600006e-008, -0.02177734
,,,4.64700006e-008, -0.02138672
,,,4.64800006e-008, -0.02089844
,,,4.64900006e-008, -0.02035156
,,,4.65000006e-008, -0.01974609
,,,4.65100006e-008,  -0.0190625
,,,4.65200006e-008, -0.01832031
,,,4.65300006e-008,     -0.0175
,,,4.65400006e-008, -0.01662109
,,,4.65500006e-008, -0.01566406
,,,4.65600006e-008,  -0.0146875
,,,4.65700006e-008, -0.01365234
,,,4.65800006e-008, -0.01259766
,,,4.65900006e-008, -0.01154297
,,,4.66000006e-008, -0.01046875
,,,4.66100006e-008,-0.009414063
,,,4.66200006e-008,-0.008417969
,,,4.66300006e-008,     -0.0075
,,,4.66400006e-008,-0.006796875
,,,4.66500006e-008,-0.006269532
,,,4.66600006e-008,-0.005976563
,,,4.66700006e-008,  -0.0059375
,,,4.66800006e-008,-0.006210938
,,,4.66900006e-008,-0.006796875
,,,4.67000006e-008,-0.007734375
,,,4.67100006e-008,-0.009003907
,,,4.67200006e-008, -0.01060547
,,,4.67300006e-008,     -0.0125
,,,4.67400006e-008, -0.01472656
,,,4.67500006e-008, -0.01708984
,,,4.67600006e-008, -0.01957031
,,,4.67700006e-008, -0.02205078
,,,4.67800006e-008, -0.02447266
,,,4.67900006e-008, -0.02671875
,,,4.68000006e-008, -0.02873047
,,,4.68100006e-008, -0.03039062
,,,4.68200006e-008, -0.03167969
,,,4.68300006e-008,     -0.0325
,,,4.68400006e-008, -0.03275391
,,,4.68500006e-008,     -0.0325
,,,4.68600006e-008, -0.03175781
,,,4.68700006e-008, -0.03056641
,,,4.68800006e-008, -0.02898437
,,,4.68900006e-008, -0.02705078
,,,4.69000006e-008, -0.02484375
,,,4.69100006e-008, -0.02248047
,,,4.69200006e-008,       -0.02
,,,4.69300006e-008,     -0.0175
,,,4.69400006e-008, -0.01515625
,,,4.69500006e-008, -0.01298828
,,,4.69600006e-008, -0.01107422
,,,4.69700006e-008,-0.009453125
,,,4.69800006e-008,-0.008203125
,,,4.69900006e-008,-0.007304688
,,,4.70000006e-008,-0.006777344
,,,4.70100006e-008,-0.006660157
,,,4.70200006e-008,-0.006894532
,,,4.70300006e-008,     -0.0075
,,,4.70400006e-008,-0.008476563
,,,4.70500006e-008,  -0.0096875
,,,4.70600006e-008, -0.01111328
,,,4.70700006e-008, -0.01271484
,,,4.70800006e-008, -0.01439453
,,,4.70900006e-008, -0.01613281
,,,4.71000006e-008, -0.01787109
,,,4.71100006e-008, -0.01953125
,,,4.71200006e-008, -0.02109375
,,,4.71300006e-008,     -0.0225
,,,4.71400006e-008, -0.02365234
,,,4.71500006e-008, -0.02457031
,,,4.71600006e-008, -0.02523437
,,,4.71700006e-008, -0.02560547
,,,4.71800006e-008, -0.02572266
,,,4.71900006e-008, -0.02554687
,,,4.72000006e-008, -0.02509766
,,,4.72100006e-008, -0.02443359
,,,4.72200006e-008, -0.02353516
,,,4.72300006e-008,     -0.0225
,,,4.72400006e-008, -0.02132812
,,,4.72500006e-008, -0.02015625
,,,4.72600006e-008, -0.01902344
,,,4.72700006e-008, -0.01804688
,,,4.72800006e-008, -0.01724609
,,,4.72900006e-008, -0.01669922
,,,4.73000006e-008, -0.01644531
,,,4.73100006e-008, -0.01650391
,,,4.73200006e-008, -0.01685547
,,,4.73300006e-008,     -0.0175
,,,4.73400006e-008, -0.01839844
,,,4.73500006e-008, -0.01945313
,,,4.73600006e-008, -0.02054688
,,,4.73700006e-008, -0.02160156
,,,4.73800006e-008, -0.02253906
,,,4.73900006e-008, -0.02324219
,,,4.74000006e-008, -0.02363281
,,,4.74100006e-008, -0.02367187
,,,4.74200006e-008, -0.02330078
,,,4.74300006e-008,     -0.0225
,,,4.74400006e-008, -0.02126953
,,,4.74500006e-008,  -0.0196875
,,,4.74600006e-008, -0.01785156
,,,4.74700006e-008, -0.01585938
,,,4.74800006e-008, -0.01386719
,,,4.74900006e-008, -0.01195313
,,,4.75000006e-008, -0.01025391
,,,4.75100006e-008,-0.008886719
,,,4.75200006e-008,-0.007949219
,,,4.75300006e-008,     -0.0075
,,,4.75400006e-008, -0.00765625
,,,4.75500006e-008,-0.008320313
,,,4.75600006e-008,-0.009472657
,,,4.75700006e-008, -0.01101563
,,,4.75800006e-008, -0.01287109
,,,4.75900006e-008, -0.01492188
,,,4.76000006e-008, -0.01701172
,,,4.76100006e-008,  -0.0190625
,,,4.76200006e-008,  -0.0209375
,,,4.76300006e-008,     -0.0225
,,,4.76400006e-008, -0.02371094
,,,4.76500006e-008, -0.02449219
,,,4.76600006e-008, -0.02482422
,,,4.76700006e-008, -0.02470703
,,,4.76800006e-008, -0.02417969
,,,4.76900006e-008, -0.02328125
,,,4.77000006e-008, -0.02210937
,,,4.77100006e-008, -0.02070313
,,,4.77200006e-008, -0.01914063
,,,4.77300006e-008,     -0.0175
,,,4.77400006e-008, -0.01585938
,,,4.77500006e-008, -0.01427734
,,,4.77600006e-008,  -0.0128125
,,,4.77700006e-008, -0.01150391
,,,4.77800006e-008, -0.01035156
,,,4.77900006e-008,-0.009414063
,,,4.78000006e-008,-0.008652344
,,,4.78100006e-008,-0.008085938
,,,4.78200006e-008,-0.007714844
,,,4.78300006e-008,     -0.0075
,,,4.78400006e-008,-0.007539063
,,,4.78500006e-008,-0.007695313
,,,4.78600006e-008,-0.007988282
,,,4.78700006e-008,-0.008398438
,,,4.78800006e-008, -0.00890625
,,,4.78900006e-008,-0.009492188
,,,4.79000006e-008, -0.01015625
,,,4.79100006e-008, -0.01087891
,,,4.79200006e-008, -0.01166016
,,,4.79300006e-008,     -0.0125
,,,4.79400006e-008,  -0.0134375
,,,4.79500006e-008, -0.01441406
,,,4.79600006e-008, -0.01539063
,,,4.79700006e-008, -0.01640625
,,,4.79800006e-008, -0.01742188
,,,4.79900006e-008, -0.01845703
,,,4.80000006e-008, -0.01949219
,,,4.80100006e-008, -0.02052734
,,,4.80200006e-008, -0.02154297
,,,4.80300006e-008,     -0.0225
,,,4.80400006e-008, -0.02332031
,,,4.80500006e-008, -0.02400391
,,,4.80600006e-008, -0.02457031
,,,4.80700006e-008, -0.02498047
,,,4.80800006e-008, -0.02517578
,,,4.80900006e-008, -0.02515625
,,,4.81000006e-008, -0.02488281
,,,4.81100006e-008, -0.02435547
,,,4.81200006e-008, -0.02357422
,,,4.81300006e-008,     -0.0225
,,,4.81400006e-008, -0.02115234
,,,4.81500006e-008, -0.01958984
,,,4.81600006e-008, -0.01789063
,,,4.81700006e-008, -0.01611328
,,,4.81800006e-008, -0.01431641
,,,4.81900006e-008, -0.01259766
,,,4.82000006e-008, -0.01099609
,,,4.82100006e-008,-0.009570313
,,,4.82200006e-008,-0.008398438
,,,4.82300006e-008,     -0.0075
,,,4.82400006e-008,-0.006972657
,,,4.82500006e-008,-0.006738282
,,,4.82600006e-008,-0.006816407
,,,4.82700006e-008,-0.007167969
,,,4.82800006e-008,-0.007753907
,,,4.82900006e-008,-0.008515625
,,,4.83000006e-008,-0.009433594
,,,4.83100006e-008, -0.01042969
,,,4.83200006e-008, -0.01148438
,,,4.83300006e-008,     -0.0125
,,,4.83400006e-008, -0.01351563
,,,4.83500006e-008, -0.01441406
,,,4.83600006e-008, -0.01523438
,,,4.83700006e-008, -0.01591797
,,,4.83800006e-008, -0.01648438
,,,4.83900006e-008, -0.01691406
,,,4.84000006e-008, -0.01722656
,,,4.84100006e-008, -0.01742188
,,,4.84200006e-008, -0.01751953
,,,4.84300006e-008,     -0.0175
,,,4.84400006e-008, -0.01734375
,,,4.84500006e-008, -0.01710938
,,,4.84600006e-008, -0.01677734
,,,4.84700006e-008, -0.01638672
,,,4.84800006e-008, -0.01589844
,,,4.84900006e-008, -0.01537109
,,,4.85000006e-008, -0.01476563
,,,4.85100006e-008, -0.01408203
,,,4.85200006e-008, -0.01333984
,,,4.85300006e-008,     -0.0125
,,,4.85400006e-008, -0.01167969
,,,4.85500006e-008, -0.01078125
,,,4.85600006e-008,-0.009824219
,,,4.85700006e-008,-0.008828125
,,,4.85800006e-008,-0.007773438
,,,4.85900006e-008,-0.006679688
,,,4.86000006e-008,-0.005585938
,,,4.86100006e-008,-0.004492188
,,,4.86200006e-008,-0.003457032
,,,4.86300006e-008,     -0.0025
,,,4.86400006e-008,-0.001757813
,,,4.86500006e-008,-0.001191407
,,,4.86600006e-008,-0.0008203129
,,,4.86700006e-008,-0.0007421879
,,,4.86800006e-008,-0.0009765629
,,,4.86900007e-008,  -0.0015625
,,,4.87000007e-008,     -0.0025
,,,4.87100007e-008,-0.003828125
,,,4.87200007e-008,-0.005507813
,,,4.87300007e-008,     -0.0075
,,,4.87400007e-008,-0.009785156
,,,4.87500007e-008, -0.01216797
,,,4.87600007e-008, -0.01458984
,,,4.87700007e-008, -0.01689453
,,,4.87800007e-008, -0.01898438
,,,4.87900007e-008, -0.02072266
,,,4.88000007e-008, -0.02199219
,,,4.88100007e-008, -0.02275391
,,,4.88200007e-008, -0.02292969
,,,4.88300007e-008,     -0.0225
,,,4.88400007e-008, -0.02148437
,,,4.88500007e-008, -0.01998047
,,,4.88600007e-008, -0.01814453
,,,4.88700007e-008, -0.01607422
,,,4.88800007e-008, -0.01396484
,,,4.88900007e-008, -0.01193359
,,,4.89000007e-008, -0.01017578
,,,4.89100007e-008,-0.008789063
,,,4.89200007e-008,-0.007871094
,,,4.89300007e-008,     -0.0075
,,,4.89400007e-008,-0.007753907
,,,4.89500007e-008,-0.008496094
,,,4.89600007e-008,-0.009648438
,,,4.89700007e-008, -0.01111328
,,,4.89800007e-008, -0.01269531
,,,4.89900007e-008, -0.01427734
,,,4.90000007e-008, -0.01568359
,,,4.90100007e-008, -0.01675781
,,,4.90200007e-008, -0.01740234
,,,4.90300007e-008,     -0.0175
,,,4.90400007e-008, -0.01699219
,,,4.90500007e-008,  -0.0159375
,,,4.90600007e-008, -0.01443359
,,,4.90700007e-008, -0.01255859
,,,4.90800007e-008, -0.01048828
,,,4.90900007e-008,-0.008359375
,,,4.91000007e-008,-0.006367188
,,,4.91100007e-008,-0.004628907
,,,4.91200007e-008,-0.003300782
,,,4.91300007e-008,     -0.0025
,,,4.91400007e-008, -0.00234375
,,,4.91500007e-008,  -0.0028125
,,,4.91600007e-008,-0.003828125
,,,4.91700007e-008,-0.005332032
,,,4.91800007e-008,-0.007207032
,,,4.91900007e-008,-0.009335938
,,,4.92000007e-008,  -0.0115625
,,,4.92100007e-008,    -0.01375
,,,4.92200007e-008, -0.01576172
,,,4.92300007e-008,     -0.0175
,,,4.92400007e-008, -0.01882813
,,,4.92500007e-008, -0.01976563
,,,4.92600007e-008, -0.02027344
,,,4.92700007e-008, -0.02042969
,,,4.92800007e-008, -0.02025391
,,,4.92900007e-008, -0.01986328
,,,4.93000007e-008, -0.01931641
,,,4.93100007e-008, -0.01869141
,,,4.93200007e-008, -0.01806641
,,,4.93300007e-008,     -0.0175
,,,4.93400007e-008, -0.01701172
,,,4.93500007e-008, -0.01662109
,,,4.93600007e-008, -0.01628906
,,,4.93700007e-008, -0.01601563
,,,4.93800007e-008, -0.01574219
,,,4.93900007e-008, -0.01539063
,,,4.94000007e-008, -0.01494141
,,,4.94100007e-008, -0.01433594
,,,4.94200007e-008, -0.01353516
,,,4.94300007e-008,     -0.0125
,,,4.94400007e-008, -0.01130859
,,,4.94500007e-008,-0.009960938
,,,4.94600007e-008,-0.008515625
,,,4.94700007e-008,-0.007050782
,,,4.94800007e-008,-0.005664063
,,,4.94900007e-008,-0.004433594
,,,4.95000007e-008,  -0.0034375
,,,4.95100007e-008,-0.002734375
,,,4.95200007e-008,-0.002421875
,,,4.95300007e-008,     -0.0025
,,,4.95400007e-008,-0.003046875
,,,4.95500007e-008,-0.003984375
,,,4.95600007e-008,-0.005253907
,,,4.95700007e-008,-0.006835938
,,,4.95800007e-008,-0.008613282
,,,4.95900007e-008, -0.01050781
,,,4.96000007e-008, -0.01244141
,,,4.96100007e-008, -0.01431641
,,,4.96200007e-008, -0.01603516
,,,4.96300007e-008,     -0.0175
,,,4.96400007e-008, -0.01857422
,,,4.96500007e-008, -0.01925781
,,,4.96600007e-008, -0.01957031
,,,4.96700007e-008, -0.01947266
,,,4.96800007e-008, -0.01900391
,,,4.96900007e-008, -0.01818359
,,,4.97000007e-008, -0.01705078
,,,4.97100007e-008, -0.01568359
,,,4.97200007e-008, -0.01414063
,,,4.97300007e-008,     -0.0125
,,,4.97400007e-008, -0.01085938
,,,4.97500007e-008,-0.009316407
,,,4.97600007e-008,-0.007929688
,,,4.97700007e-008,-0.006796875
,,,4.97800007e-008,-0.005957032
,,,4.97900007e-008,-0.005488282
,,,4.98000007e-008,-0.005410157
,,,4.98100007e-008,-0.005742188
,,,4.98200007e-008,-0.006445313
,,,4.98300007e-008,     -0.0075
,,,4.98400007e-008, -0.00890625
,,,4.98500007e-008, -0.01050781
,,,4.98600007e-008,  -0.0121875
,,,4.98700007e-008, -0.01384766
,,,4.98800007e-008, -0.01537109
,,,4.98900007e-008, -0.01664063
,,,4.99000007e-008, -0.01755859
,,,4.99100007e-008, -0.01804688
,,,4.99200007e-008, -0.01804688
,,,4.99300007e-008,     -0.0175
,,,4.99400007e-008, -0.01642578
,,,4.99500007e-008, -0.01488281
,,,4.99600007e-008, -0.01292969
,,,4.99700007e-008, -0.01068359
,,,4.99800007e-008,-0.008242188
,,,4.99900007e-008,-0.005742188
,,,5.00000007e-008,-0.003300782
,,,5.00100007e-008,-0.001054688
,,,5.00200007e-008, 0.000898437
,,,5.00300007e-008, 0.002499999
,,,5.00400007e-008, 0.003515624
,,,5.00500007e-008, 0.004062499
,,,5.00600007e-008, 0.004160156
,,,5.00700007e-008, 0.003808593
,,,5.00800007e-008, 0.003124999
,,,5.00900007e-008, 0.002167968
,,,5.01000007e-008, 0.001035156
,,,5.01100007e-008,-0.0001757817
,,,5.01200007e-008,-0.001367188
,,,5.01300007e-008,     -0.0025
,,,5.01400007e-008, -0.00359375
,,,5.01500007e-008,-0.004492188
,,,5.01600007e-008,-0.005195313
,,,5.01700007e-008,-0.005742188
,,,5.01800007e-008,-0.006132813
,,,5.01900007e-008, -0.00640625
,,,5.02000007e-008,-0.006640625
,,,5.02100007e-008,   -0.006875
,,,5.02200007e-008,-0.007167969
,,,5.02300007e-008,     -0.0075
,,,5.02400007e-008, -0.00796875
,,,5.02500007e-008,-0.008515625
,,,5.02600007e-008,-0.009121094
,,,5.02700007e-008,-0.009785156
,,,5.02800007e-008, -0.01044922
,,,5.02900007e-008, -0.01107422
,,,5.03000007e-008, -0.01162109
,,,5.03100007e-008, -0.01205078
,,,5.03200007e-008, -0.01236328
,,,5.03300007e-008,     -0.0125
,,,5.03400007e-008, -0.01248047
,,,5.03500007e-008, -0.01232422
,,,5.03600007e-008, -0.01208984
,,,5.03700007e-008, -0.01181641
,,,5.03800007e-008,  -0.0115625
,,,5.03900007e-008, -0.01138672
,,,5.04000007e-008, -0.01136719
,,,5.04100007e-008, -0.01152344
,,,5.04200007e-008, -0.01189453
,,,5.04300007e-008,     -0.0125
,,,5.04400007e-008, -0.01333984
,,,5.04500007e-008,   -0.014375
,,,5.04600007e-008, -0.01556641
,,,5.04700007e-008, -0.01683594
,,,5.04800007e-008,   -0.018125
,,,5.04900007e-008,   -0.019375
,,,5.05000007e-008, -0.02048828
,,,5.05100007e-008, -0.02142578
,,,5.05200007e-008, -0.02210937
,,,5.05300007e-008,     -0.0225
,,,5.05400007e-008, -0.02242187
,,,5.05500007e-008, -0.02203125
,,,5.05600007e-008, -0.02132812
,,,5.05700007e-008, -0.02039063
,,,5.05800007e-008, -0.01923828
,,,5.05900007e-008, -0.01792969
,,,5.06000007e-008,  -0.0165625
,,,5.06100007e-008, -0.01515625
,,,5.06200007e-008, -0.01378906
,,,5.06300007e-008,     -0.0125
,,,5.06400007e-008, -0.01134766
,,,5.06500007e-008, -0.01037109
,,,5.06600007e-008,-0.009570313
,,,5.06700007e-008,-0.008945313
,,,5.06800007e-008,-0.008496094
,,,5.06900007e-008,-0.008164063
,,,5.07000007e-008,-0.007929688
,,,5.07100007e-008,-0.007753907
,,,5.07200007e-008,-0.007636719
,,,5.07300007e-008,     -0.0075
,,,5.07400007e-008,-0.007441407
,,,5.07500007e-008,-0.007382813
,,,5.07600007e-008,-0.007304688
,,,5.07700007e-008,-0.007246094
,,,5.07800007e-008,  -0.0071875
,,,5.07900007e-008,-0.007167969
,,,5.08000007e-008,-0.007167969
,,,5.08100007e-008,-0.007226563
,,,5.08200007e-008, -0.00734375
,,,5.08300007e-008,     -0.0075
,,,5.08400007e-008,-0.007753907
,,,5.08500007e-008,-0.008007813
,,,5.08600007e-008, -0.00828125
,,,5.08700007e-008,-0.008496094
,,,5.08800007e-008,-0.008652344
,,,5.08900007e-008,-0.008710938
,,,5.09000007e-008,-0.008632813
,,,5.09100007e-008,-0.008417969
,,,5.09200007e-008,-0.008046875
,,,5.09300007e-008,     -0.0075
,,,5.09400007e-008,   -0.006875
,,,5.09500007e-008,-0.006152344
,,,5.09600007e-008,-0.005351563
,,,5.09700007e-008,-0.004550782
,,,5.09800007e-008,-0.003789063
,,,5.09900007e-008,   -0.003125
,,,5.10000007e-008,-0.002617188
,,,5.10100007e-008,-0.002324219
,,,5.10200007e-008,-0.002285157
,,,5.10300007e-008,     -0.0025
,,,5.10400007e-008,   -0.003125
,,,5.10500007e-008,-0.004023438
,,,5.10600007e-008,-0.005195313
,,,5.10700007e-008,-0.006601563
,,,5.10800007e-008,-0.008222657
,,,5.10900007e-008,-0.009980469
,,,5.11000007e-008, -0.01185547
,,,5.11100007e-008, -0.01376953
,,,5.11200007e-008, -0.01566406
,,,5.11300007e-008,     -0.0175
,,,5.11400007e-008, -0.01917969
,,,5.11500007e-008,   -0.020625
,,,5.11600007e-008, -0.02185547
,,,5.11700007e-008,  -0.0228125
,,,5.11800007e-008, -0.02347656
,,,5.11900007e-008, -0.02384766
,,,5.12000007e-008, -0.02392578
,,,5.12100007e-008, -0.02371094
,,,5.12200007e-008, -0.02324219
,,,5.12300007e-008,     -0.0225
